lang,prog,mode,obj_bytes,sec_count,sec_text,sec_data,sec_rodata,sec_debug,sec_eh,sec_symtab,sec_reloc,sec_other,bss_mem,n_groups,n_text_sections,rel_total,rel_code,rel_debug,rel_eh,sym_total,sym_def,sym_undef,sym_local,sym_global,sym_weak,sym_hidden,sym_def_exported,sym_t_func,sym_t_object,sym_t_tls,sym_t_section,sym_t_file,sym_t_notype,compile_ms_median,compile_ms_stdev,compile_cpu_ms,max_rss_kb,runs
cpp,demo,O0g,4448,23,113,0,0,985,152,646,912,32,0,1,2,38,2,32,4,14,14,0,10,3,1,0,4,4,0,0,9,1,0,22.817999499920916,6.452263713751467,22.412999999999997,148706.0,10
cpp,generics,O0g,9776,33,799,0,0,2866,408,1107,2208,76,0,6,7,92,6,74,12,27,27,0,15,6,6,0,12,12,0,0,14,1,0,29.96847650001655,0.9941416899580862,29.5765,151358.0,10
cpp,strings,O0g,5096,21,237,0,19,1580,120,605,1032,22,0,0,1,43,1,39,3,13,13,0,10,3,0,0,3,3,1,0,8,1,0,28.274626999746033,1.1454511662001081,27.9585,151734.0,10
cpp,errors,O0g,21752,28,287,16,17,10624,204,1310,7320,44,0,1,1,305,13,285,7,29,18,11,15,13,1,1,3,3,2,0,10,1,13,370.8152990000144,11.259035887917959,369.168,180308.0,10
cpp,cabi,O0g,3848,19,137,0,0,960,120,518,744,22,0,0,1,31,0,28,3,11,11,0,8,3,0,0,3,3,0,0,7,1,0,21.92870549993131,0.4248134191630993,21.630999999999997,148734.0,10
cpp,demo,O2,1400,10,40,0,0,0,104,341,96,30,0,1,2,4,0,0,4,7,7,0,3,3,1,0,4,4,0,0,2,1,0,23.70361899988893,0.5845465594710245,23.4225,150676.0,10
cpp,generics,O2,5600,23,2336,0,32,0,264,893,336,74,0,6,7,14,2,0,12,22,22,0,10,6,6,0,12,12,0,0,7,1,2,69.20278200004759,1.157100226538123,68.729,155464.0,10
cpp,strings,O2,2728,11,952,0,99,0,88,500,216,22,0,0,1,9,6,0,3,11,11,0,8,3,0,0,3,3,1,0,1,1,5,44.58269699989614,1.4974370259198222,44.1855,154886.0,10
cpp,errors,O2,3320,17,234,16,17,0,176,983,624,38,0,1,1,26,20,0,6,21,10,11,7,13,1,1,3,2,2,0,3,1,13,372.8922400000556,3.5252027161089887,370.9575,180850.0,10
cpp,cabi,O2,1184,8,91,0,0,0,88,258,72,22,0,0,1,3,0,0,3,5,5,0,2,3,0,0,3,3,0,0,1,1,0,24.911331999874164,1.4467830997223208,24.602,151276.0,10
cpp,demo,O2g,4368,22,40,0,0,1101,104,641,888,30,0,1,2,37,0,33,4,14,14,0,10,3,1,0,4,4,0,0,9,1,0,25.12013199998364,1.0427873851657286,24.810000000000002,151394.0,10
cpp,generics,O2g,13408,36,2336,0,32,4832,264,1233,2136,74,0,6,7,89,2,75,12,30,30,0,18,6,6,0,12,12,0,0,15,1,2,75.22973549998824,0.9883185685235245,74.7465,156370.0,10
cpp,strings,O2g,6664,24,952,0,99,1810,88,864,1152,22,0,0,1,48,6,39,3,20,20,0,17,3,0,0,3,3,1,0,10,1,5,45.201894500223716,1.1776877819583085,44.81999999999999,155778.0,10
cpp,errors,O2g,25072,30,234,16,17,12464,176,1347,8712,38,0,1,1,363,20,337,6,30,19,11,16,13,1,1,3,2,2,0,12,1,13,375.67282100008015,2.81872598385023,373.9065,181772.0,10
cpp,cabi,O2g,4128,20,91,0,0,1137,88,558,816,22,0,0,1,34,0,31,3,12,12,0,9,3,0,0,3,3,0,0,8,1,0,25.018495500034987,1.0011432655171306,24.734499999999997,151758.0,10
cpp,demo,Os,1368,10,20,0,0,0,104,341,96,30,0,1,2,4,0,0,4,7,7,0,3,3,1,0,4,4,0,0,2,1,0,24.508379000053537,0.5481094394599096,24.223999999999997,150782.0,10
cpp,generics,Os,3176,20,338,0,0,0,264,802,288,70,0,6,7,12,0,0,12,20,20,0,8,6,6,0,12,12,0,0,7,1,0,48.067651499877684,0.9126557802804167,47.685,154758.0,10
cpp,strings,Os,1400,10,72,0,19,0,88,321,96,22,0,0,1,4,1,0,3,6,6,0,3,3,0,0,3,3,1,0,1,1,0,32.81910649980091,0.47793571355962133,32.492,154004.0,10
cpp,errors,Os,3104,17,127,16,17,0,196,1026,456,38,0,1,1,19,12,0,7,22,11,11,8,13,1,1,3,3,2,0,3,1,13,368.2018970000627,3.2545131124757556,366.55899999999997,180216.0,10
cpp,cabi,Os,1168,8,79,0,0,0,88,258,72,22,0,0,1,3,0,0,3,5,5,0,2,3,0,0,3,3,0,0,1,1,0,24.12237300018205,0.7386389598355037,23.608,151228.0,10
rust,demo,O0g,8104,37,198,56,58,1482,192,1594,1872,118,0,1,6,78,12,58,8,28,24,4,19,8,1,1,5,5,1,0,15,1,6,32.89126700019551,12.914804567927256,33.113,171418.0,10
rust,generics,O0g,55976,87,2830,152,417,18963,712,5643,21120,198,0,1,27,880,69,777,34,88,82,6,59,28,1,1,23,26,1,0,47,1,13,48.60995599983653,13.880733801999666,49.510000000000005,189082.0,10
rust,strings,O0g,71344,102,3276,200,1542,26023,776,9167,23256,206,0,1,29,969,75,857,37,103,96,7,74,28,1,1,22,28,2,0,57,1,15,51.01276649997999,3.5627600463039957,51.7255,190998.0,10
rust,errors,O0g,13080,39,541,104,76,3387,160,2014,4008,118,0,1,5,167,24,136,7,32,25,7,21,10,1,1,4,4,2,0,16,1,9,36.96914349984581,1.9397569282569571,37.736,186404.0,10
rust,cabi,O0g,9800,44,633,176,58,1401,128,2039,2256,138,0,1,4,94,35,52,7,33,27,6,23,9,1,1,4,3,1,0,19,1,9,35.96748349991685,1.6074424818840503,36.768,182888.0,10
rust,demo,O2,1184,9,10,0,0,0,64,266,48,74,0,0,3,2,0,0,2,5,5,0,3,2,0,0,2,2,0,0,2,1,0,25.652322000269123,1.336791012391858,26.165499999999998,174840.0,10
rust,generics,O2,4968,25,1043,32,62,0,216,1187,504,146,0,1,7,21,11,0,10,25,22,3,15,9,1,1,7,6,1,0,11,1,6,65.44773699988582,1.283248457983759,66.07300000000001,190692.0,10
rust,strings,O2,3192,15,989,0,99,0,88,620,216,74,0,0,4,9,6,0,3,13,13,0,10,3,0,0,3,3,1,0,3,1,5,57.989321999912136,1.4074845261106348,58.533,192424.0,10
rust,errors,O2,3816,24,135,80,76,0,104,1181,432,118,0,1,3,18,13,0,5,19,15,4,12,6,1,1,3,2,2,0,8,1,6,38.275400999964404,1.6958272966836145,39.1495,188042.0,10
rust,cabi,O2,1432,10,73,0,0,0,88,333,72,74,0,0,4,3,0,0,3,7,7,0,4,3,0,0,3,3,0,0,3,1,0,36.33595999986028,0.9190113861088293,36.689499999999995,183818.0,10
rust,demo,O2g,4456,19,10,0,0,1304,64,484,1152,74,0,0,3,48,0,46,2,10,10,0,8,2,0,0,2,2,0,0,7,1,0,29.587239999955273,1.5738708170840323,30.0745,175172.0,10
rust,generics,O2g,37248,37,1043,32,62,15916,216,1445,15840,146,0,1,7,660,11,639,10,31,28,3,21,9,1,1,7,6,1,0,17,1,6,73.97911600014595,1.1448884278915734,74.6485,191546.0,10
rust,strings,O2g,26792,27,989,0,99,13280,88,878,9504,74,0,0,4,396,6,387,3,19,19,0,16,3,0,0,3,3,1,0,9,1,5,63.919499000121505,1.0953809430076296,64.5395,193396.0,10
rust,errors,O2g,8648,36,135,80,76,2148,104,1439,2088,118,0,1,3,87,13,69,5,25,21,4,18,6,1,1,3,2,2,0,14,1,6,42.09854000009727,1.2143175535165014,42.945499999999996,188864.0,10
rust,cabi,O2g,4960,22,73,0,0,1350,88,591,1224,74,0,0,4,51,0,48,3,13,13,0,10,3,0,0,3,3,0,0,9,1,0,37.122742000065045,1.7894726128760035,38.018,184026.0,10
rust,demo,Os,1232,9,10,0,0,0,64,328,48,74,0,0,3,2,0,0,2,6,6,0,3,3,0,0,3,3,0,0,2,1,0,29.769197999939934,1.5778771822918551,30.256,175196.0,10
rust,generics,Os,5840,34,434,32,62,0,336,1793,720,134,0,1,13,30,14,0,16,37,34,3,21,15,1,1,13,12,1,0,17,1,6,59.8662659999718,0.9263854355755521,60.407999999999994,191476.0,10
rust,strings,Os,1680,12,72,0,19,0,88,431,96,74,0,0,4,4,1,0,3,8,8,0,5,3,0,0,3,3,1,0,3,1,0,47.593518999747175,1.7680396525133693,48.28,192940.0,10
rust,errors,Os,3800,24,135,80,76,0,96,1181,432,118,0,1,3,18,13,0,5,19,15,4,12,6,1,1,3,2,2,0,8,1,6,40.30836849983643,1.224247974837605,41.156,188740.0,10
rust,cabi,Os,1416,10,73,0,0,0,88,333,72,74,0,0,4,3,0,0,3,7,7,0,4,3,0,0,3,3,0,0,3,1,0,37.915177499826314,1.4614846913260853,38.83399999999999,183622.0,10
zig,demo,O0g,4025560,36,1129209,29544,63477,1330166,91272,164627,1214784,0,262256,0,1,50616,11196,37643,1777,3013,3004,9,3002,10,1,1,2,1779,1159,4,21,1,49,2474.957611000036,51.05059800452806,3021.545,303302.0,10
zig,generics,O0g,4023344,36,1130877,29544,62249,1332109,91552,165062,1209480,0,262256,0,1,50395,10886,37724,1785,3025,3016,9,3010,14,1,1,6,1791,1159,4,21,1,49,2468.4555394997005,107.09673235113043,3045.707,302856.0,10
zig,strings,O0g,4026248,36,1129491,29544,63496,1330343,91248,164689,1214952,0,262256,0,1,50623,11197,37650,1776,3014,3005,9,3002,11,1,1,3,1779,1160,4,21,1,49,2491.383704999862,25.390549393427246,3078.3379999999997,304180.0,10
zig,errors,O0g,4025680,36,1129513,29560,63492,1330046,91264,164550,1214784,0,262256,0,1,50616,11200,37640,1776,3013,3004,9,3002,10,1,1,2,1778,1160,4,21,1,49,2504.7409500002686,61.320434141527585,3051.4249999999997,303208.0,10
zig,cabi,O0g,4025976,36,1129526,29544,63477,1330300,91240,164624,1214784,0,262256,0,1,50616,11196,37644,1776,3013,3004,9,3001,11,1,1,3,1779,1159,4,21,1,49,2553.8389245000417,71.80874480466348,3147.3195,304032.0,10
zig,demo,O2,984,7,27,0,0,0,88,239,48,0,0,0,1,2,0,0,2,5,5,0,3,2,0,0,2,2,0,0,2,1,0,288.88959599999,20.438740726042404,1048.7350000000001,185186.0,10
zig,generics,O2,2264,7,910,0,0,0,256,372,144,0,0,0,1,6,0,0,6,9,9,0,3,6,0,0,6,6,0,0,2,1,0,344.15304699973603,25.098539154073464,1146.0805,191000.0,10
zig,strings,O2,1648,9,312,0,19,0,136,375,96,0,0,0,1,4,1,0,3,8,8,0,5,3,0,0,3,3,1,0,3,1,0,327.2109409999757,16.946242482667348,1111.0459999999998,190128.0,10
zig,errors,O2,305216,23,104507,20880,22894,0,8832,5734,140712,0,29,0,2,5863,5664,0,199,147,140,7,138,9,0,0,2,2,91,3,13,1,37,3208.3862934998706,72.41791912795111,3868.639,219094.0,10
zig,cabi,O2,1144,7,95,0,0,0,120,276,72,0,0,0,1,3,0,0,3,6,6,0,3,3,0,0,3,3,0,0,2,1,0,288.404911500038,30.233442056607327,1034.9810000000002,190222.0,10
zig,demo,O2g,3976,17,27,0,0,1079,88,613,936,0,0,0,1,39,0,37,2,13,13,0,11,2,0,0,2,4,0,0,8,1,0,331.0508234999361,24.616751282774228,1152.3875,187708.0,10
zig,generics,O2g,12352,19,910,0,0,5715,256,992,3120,0,0,0,1,130,0,124,6,23,23,0,17,6,0,0,6,12,0,0,10,1,0,354.6582350002154,15.199091090881353,1159.48,192352.0,10
zig,strings,O2g,5784,21,312,0,19,1790,136,880,1152,0,0,0,1,48,1,44,3,19,19,0,16,3,0,0,3,6,1,0,11,1,0,326.4159150000978,32.46843426918755,1156.1515,192382.0,10
zig,errors,O2g,4285056,37,331819,21264,42354,2172643,13000,31946,1669488,0,29,0,2,69562,7991,61281,290,702,694,8,692,9,1,1,2,292,336,3,21,1,49,12296.782033999989,344.6099027626598,12862.7705,329926.0,10
zig,cabi,O2g,4584,18,95,0,0,1291,120,727,1056,0,0,0,1,44,0,41,3,16,16,0,13,3,0,0,3,6,0,0,9,1,0,306.23257500019463,14.956209533952485,1095.569,191186.0,10
zig,demo,Os,976,7,20,0,0,0,88,239,48,0,0,0,1,2,0,0,2,5,5,0,3,2,0,0,2,2,0,0,2,1,0,285.92022400016504,20.761652806348714,1041.4824999999998,186496.0,10
zig,generics,Os,1512,7,193,0,0,0,216,372,144,0,0,0,1,6,0,0,6,9,9,0,3,6,0,0,6,6,0,0,2,1,0,335.3446764999717,17.058659865840024,1139.0375,191226.0,10
zig,strings,Os,1400,9,81,0,19,0,120,375,96,0,0,0,1,4,1,0,3,8,8,0,5,3,0,0,3,3,1,0,3,1,0,332.4491294999916,19.326102250821833,1150.628,190236.0,10
zig,errors,Os,174984,23,79702,20880,8265,0,11184,5259,48072,0,29,0,2,2003,1722,0,281,131,124,7,122,9,0,0,2,2,98,3,13,1,14,2329.489479999893,68.1567466755884,3044.1989999999996,214220.0,10
zig,cabi,Os,1144,7,92,0,0,0,120,276,72,0,0,0,1,3,0,0,3,6,6,0,3,3,0,0,3,3,0,0,2,1,0,311.74720950002666,24.786278408275336,1101.4985,190114.0,10
