lang,prog,mode,type,count
cpp,demo,O0g,R_X86_64_32,25
cpp,demo,O0g,R_X86_64_64,7
cpp,demo,O0g,R_X86_64_PC32,4
cpp,demo,O0g,R_X86_64_PLT32,2
cpp,generics,O0g,R_X86_64_32,49
cpp,generics,O0g,R_X86_64_64,25
cpp,generics,O0g,R_X86_64_PC32,12
cpp,generics,O0g,R_X86_64_PLT32,6
cpp,strings,O0g,R_X86_64_32,32
cpp,strings,O0g,R_X86_64_64,7
cpp,strings,O0g,R_X86_64_PC32,4
cpp,errors,O0g,R_X86_64_32,280
cpp,errors,O0g,R_X86_64_64,7
cpp,errors,O0g,R_X86_64_PC32,8
cpp,errors,O0g,R_X86_64_PLT32,8
cpp,errors,O0g,R_X86_64_REX_GOTPCRELX,2
cpp,cabi,O0g,R_X86_64_32,24
cpp,cabi,O0g,R_X86_64_64,4
cpp,cabi,O0g,R_X86_64_PC32,3
cpp,demo,O2,R_X86_64_PC32,4
cpp,generics,O2,R_X86_64_PC32,14
cpp,strings,O2,R_X86_64_PC32,9
cpp,errors,O2,R_X86_64_64,2
cpp,errors,O2,R_X86_64_PC32,8
cpp,errors,O2,R_X86_64_PLT32,12
cpp,errors,O2,R_X86_64_REX_GOTPCRELX,4
cpp,cabi,O2,R_X86_64_PC32,3
cpp,demo,O2g,R_X86_64_32,25
cpp,demo,O2g,R_X86_64_64,8
cpp,demo,O2g,R_X86_64_PC32,4
cpp,generics,O2g,R_X86_64_32,50
cpp,generics,O2g,R_X86_64_64,25
cpp,generics,O2g,R_X86_64_PC32,14
cpp,strings,O2g,R_X86_64_32,34
cpp,strings,O2g,R_X86_64_64,5
cpp,strings,O2g,R_X86_64_PC32,9
cpp,errors,O2g,R_X86_64_32,331
cpp,errors,O2g,R_X86_64_64,8
cpp,errors,O2g,R_X86_64_PC32,8
cpp,errors,O2g,R_X86_64_PLT32,12
cpp,errors,O2g,R_X86_64_REX_GOTPCRELX,4
cpp,cabi,O2g,R_X86_64_32,27
cpp,cabi,O2g,R_X86_64_64,4
cpp,cabi,O2g,R_X86_64_PC32,3
cpp,demo,Os,R_X86_64_PC32,4
cpp,generics,Os,R_X86_64_PC32,12
cpp,strings,Os,R_X86_64_PC32,4
cpp,errors,Os,R_X86_64_64,2
cpp,errors,Os,R_X86_64_PC32,8
cpp,errors,Os,R_X86_64_PLT32,7
cpp,errors,Os,R_X86_64_REX_GOTPCRELX,2
cpp,cabi,Os,R_X86_64_PC32,3
rust,demo,O0g,R_X86_64_32,33
rust,demo,O0g,R_X86_64_64,28
rust,demo,O0g,R_X86_64_GOTPCREL,6
rust,demo,O0g,R_X86_64_PC32,10
rust,demo,O0g,R_X86_64_PLT32,1
rust,generics,O0g,R_X86_64_32,495
rust,generics,O0g,R_X86_64_64,289
rust,generics,O0g,R_X86_64_GOTPCREL,39
rust,generics,O0g,R_X86_64_PC32,51
rust,generics,O0g,R_X86_64_PLT32,6
rust,strings,O0g,R_X86_64_32,543
rust,strings,O0g,R_X86_64_64,323
rust,strings,O0g,R_X86_64_GOTPCREL,31
rust,strings,O0g,R_X86_64_PC32,60
rust,strings,O0g,R_X86_64_PLT32,12
rust,errors,O0g,R_X86_64_32,112
rust,errors,O0g,R_X86_64_64,29
rust,errors,O0g,R_X86_64_GOTPCREL,10
rust,errors,O0g,R_X86_64_PC32,15
rust,errors,O0g,R_X86_64_PLT32,1
rust,cabi,O0g,R_X86_64_32,29
rust,cabi,O0g,R_X86_64_64,31
rust,cabi,O0g,R_X86_64_GOTPCREL,15
rust,cabi,O0g,R_X86_64_PC32,19
rust,demo,O2,R_X86_64_PC32,2
rust,generics,O2,R_X86_64_64,2
rust,generics,O2,R_X86_64_GOTPCREL,6
rust,generics,O2,R_X86_64_PC32,13
rust,strings,O2,R_X86_64_PC32,9
rust,errors,O2,R_X86_64_64,4
rust,errors,O2,R_X86_64_GOTPCREL,5
rust,errors,O2,R_X86_64_PC32,9
rust,cabi,O2,R_X86_64_PC32,3
rust,demo,O2g,R_X86_64_32,33
rust,demo,O2g,R_X86_64_64,13
rust,demo,O2g,R_X86_64_PC32,2
rust,generics,O2g,R_X86_64_32,374
rust,generics,O2g,R_X86_64_64,267
rust,generics,O2g,R_X86_64_GOTPCREL,6
rust,generics,O2g,R_X86_64_PC32,13
rust,strings,O2g,R_X86_64_32,244
rust,strings,O2g,R_X86_64_64,143
rust,strings,O2g,R_X86_64_PC32,9
rust,errors,O2g,R_X86_64_32,47
rust,errors,O2g,R_X86_64_64,26
rust,errors,O2g,R_X86_64_GOTPCREL,5
rust,errors,O2g,R_X86_64_PC32,9
rust,cabi,O2g,R_X86_64_32,30
rust,cabi,O2g,R_X86_64_64,18
rust,cabi,O2g,R_X86_64_PC32,3
rust,demo,Os,R_X86_64_PC32,2
rust,generics,Os,R_X86_64_64,2
rust,generics,Os,R_X86_64_GOTPCREL,9
rust,generics,Os,R_X86_64_PC32,19
rust,strings,Os,R_X86_64_PC32,4
rust,errors,Os,R_X86_64_64,4
rust,errors,Os,R_X86_64_GOTPCREL,5
rust,errors,Os,R_X86_64_PC32,9
rust,cabi,Os,R_X86_64_PC32,3
zig,demo,O0g,R_X86_64_32,23809
zig,demo,O0g,R_X86_64_64,14360
zig,demo,O0g,R_X86_64_DTPOFF32,15
zig,demo,O0g,R_X86_64_DTPOFF64,4
zig,demo,O0g,R_X86_64_PC32,10795
zig,demo,O0g,R_X86_64_PLT32,1617
zig,demo,O0g,R_X86_64_REX_GOTPCRELX,1
zig,demo,O0g,R_X86_64_TLSLD,15
zig,generics,O0g,R_X86_64_32,23861
zig,generics,O0g,R_X86_64_64,14389
zig,generics,O0g,R_X86_64_DTPOFF32,15
zig,generics,O0g,R_X86_64_DTPOFF64,4
zig,generics,O0g,R_X86_64_PC32,10493
zig,generics,O0g,R_X86_64_PLT32,1617
zig,generics,O0g,R_X86_64_REX_GOTPCRELX,1
zig,generics,O0g,R_X86_64_TLSLD,15
zig,strings,O0g,R_X86_64_32,23809
zig,strings,O0g,R_X86_64_64,14367
zig,strings,O0g,R_X86_64_DTPOFF32,15
zig,strings,O0g,R_X86_64_DTPOFF64,4
zig,strings,O0g,R_X86_64_PC32,10795
zig,strings,O0g,R_X86_64_PLT32,1617
zig,strings,O0g,R_X86_64_REX_GOTPCRELX,1
zig,strings,O0g,R_X86_64_TLSLD,15
zig,errors,O0g,R_X86_64_32,23807
zig,errors,O0g,R_X86_64_64,14360
zig,errors,O0g,R_X86_64_DTPOFF32,15
zig,errors,O0g,R_X86_64_DTPOFF64,4
zig,errors,O0g,R_X86_64_PC32,10797
zig,errors,O0g,R_X86_64_PLT32,1617
zig,errors,O0g,R_X86_64_REX_GOTPCRELX,1
zig,errors,O0g,R_X86_64_TLSLD,15
zig,cabi,O0g,R_X86_64_32,23811
zig,cabi,O0g,R_X86_64_64,14359
zig,cabi,O0g,R_X86_64_DTPOFF32,15
zig,cabi,O0g,R_X86_64_DTPOFF64,4
zig,cabi,O0g,R_X86_64_PC32,10794
zig,cabi,O0g,R_X86_64_PLT32,1617
zig,cabi,O0g,R_X86_64_REX_GOTPCRELX,1
zig,cabi,O0g,R_X86_64_TLSLD,15
zig,demo,O2,R_X86_64_PC32,2
zig,generics,O2,R_X86_64_PC32,6
zig,strings,O2,R_X86_64_PC32,4
zig,errors,O2,R_X86_64_64,221
zig,errors,O2,R_X86_64_DTPOFF32,19
zig,errors,O2,R_X86_64_PC32,5478
zig,errors,O2,R_X86_64_PLT32,141
zig,errors,O2,R_X86_64_TLSLD,4
zig,cabi,O2,R_X86_64_PC32,3
zig,demo,O2g,R_X86_64_32,31
zig,demo,O2g,R_X86_64_64,6
zig,demo,O2g,R_X86_64_PC32,2
zig,generics,O2g,R_X86_64_32,116
zig,generics,O2g,R_X86_64_64,8
zig,generics,O2g,R_X86_64_PC32,6
zig,strings,O2g,R_X86_64_32,39
zig,strings,O2g,R_X86_64_64,5
zig,strings,O2g,R_X86_64_PC32,4
zig,errors,O2g,R_X86_64_32,27416
zig,errors,O2g,R_X86_64_64,34117
zig,errors,O2g,R_X86_64_DTPOFF32,19
zig,errors,O2g,R_X86_64_DTPOFF64,3
zig,errors,O2g,R_X86_64_GOTPCREL,1
zig,errors,O2g,R_X86_64_PC32,7646
zig,errors,O2g,R_X86_64_PLT32,355
zig,errors,O2g,R_X86_64_REX_GOTPCRELX,1
zig,errors,O2g,R_X86_64_TLSLD,4
zig,cabi,O2g,R_X86_64_32,36
zig,cabi,O2g,R_X86_64_64,5
zig,cabi,O2g,R_X86_64_PC32,3
zig,demo,Os,R_X86_64_PC32,2
zig,generics,Os,R_X86_64_PC32,6
zig,strings,Os,R_X86_64_PC32,4
zig,errors,Os,R_X86_64_64,221
zig,errors,Os,R_X86_64_DTPOFF32,7
zig,errors,Os,R_X86_64_PC32,1689
zig,errors,Os,R_X86_64_PLT32,84
zig,errors,Os,R_X86_64_TLSLD,2
zig,cabi,Os,R_X86_64_PC32,3
