lang,prog,mode,section,size,type,flags
cpp,demo,O0g,.strtab,286,STRTAB,
cpp,demo,O0g,.text,95,PROGBITS,AX
cpp,demo,O0g,.rela.text,48,RELA,I
cpp,demo,O0g,.group,8,GROUP,
cpp,demo,O0g,.text._Z3addIiET_S0_S0_,18,PROGBITS,AXG
cpp,demo,O0g,.debug_abbrev,112,PROGBITS,
cpp,demo,O0g,.debug_info,211,PROGBITS,
cpp,demo,O0g,.rela.debug_info,120,RELA,I
cpp,demo,O0g,.debug_rnglists,28,PROGBITS,
cpp,demo,O0g,.debug_str_offsets,72,PROGBITS,
cpp,demo,O0g,.rela.debug_str_offsets,384,RELA,I
cpp,demo,O0g,.debug_str,203,PROGBITS,MS
cpp,demo,O0g,.debug_addr,40,PROGBITS,
cpp,demo,O0g,.rela.debug_addr,96,RELA,I
cpp,demo,O0g,.comment,22,PROGBITS,MS
cpp,demo,O0g,.note.GNU-stack,0,PROGBITS,
cpp,demo,O0g,.eh_frame,152,X86_64_UNWIND,A
cpp,demo,O0g,.rela.eh_frame,96,RELA,I
cpp,demo,O0g,.debug_line,203,PROGBITS,
cpp,demo,O0g,.rela.debug_line,168,RELA,I
cpp,demo,O0g,.debug_line_str,116,PROGBITS,MS
cpp,demo,O0g,.llvm_addrsig,2,LLVM_ADDRSIG,E
cpp,demo,O0g,.symtab,360,SYMTAB,
cpp,generics,O0g,.strtab,435,STRTAB,
cpp,generics,O0g,.text,275,PROGBITS,AX
cpp,generics,O0g,.rela.text,144,RELA,I
cpp,generics,O0g,.group,8,GROUP,
cpp,generics,O0g,.text._Z3sumIiET_PKS0_m,73,PROGBITS,AXG
cpp,generics,O0g,.group,8,GROUP,
cpp,generics,O0g,.text._Z3sumIxET_PKS0_m,78,PROGBITS,AXG
cpp,generics,O0g,.group,8,GROUP,
cpp,generics,O0g,.text._Z3sumIdET_PKS0_m,82,PROGBITS,AXG
cpp,generics,O0g,.group,8,GROUP,
cpp,generics,O0g,.text._Z6max_ofIiET_PKS0_m,90,PROGBITS,AXG
cpp,generics,O0g,.group,8,GROUP,
cpp,generics,O0g,.text._Z6max_ofIxET_PKS0_m,97,PROGBITS,AXG
cpp,generics,O0g,.group,8,GROUP,
cpp,generics,O0g,.text._Z6max_ofIdET_PKS0_m,104,PROGBITS,AXG
cpp,generics,O0g,.debug_abbrev,194,PROGBITS,
cpp,generics,O0g,.debug_info,790,PROGBITS,
cpp,generics,O0g,.rela.debug_info,120,RELA,I
cpp,generics,O0g,.debug_rnglists,39,PROGBITS,
cpp,generics,O0g,.debug_str_offsets,144,PROGBITS,
cpp,generics,O0g,.rela.debug_str_offsets,816,RELA,I
cpp,generics,O0g,.debug_str,440,PROGBITS,MS
cpp,generics,O0g,.debug_addr,152,PROGBITS,
cpp,generics,O0g,.rela.debug_addr,432,RELA,I
cpp,generics,O0g,.comment,22,PROGBITS,MS
cpp,generics,O0g,.note.GNU-stack,0,PROGBITS,
cpp,generics,O0g,.eh_frame,408,X86_64_UNWIND,A
cpp,generics,O0g,.rela.eh_frame,288,RELA,I
cpp,generics,O0g,.debug_line,745,PROGBITS,
cpp,generics,O0g,.rela.debug_line,408,RELA,I
cpp,generics,O0g,.debug_line_str,362,PROGBITS,MS
cpp,generics,O0g,.llvm_addrsig,6,LLVM_ADDRSIG,E
cpp,generics,O0g,.symtab,672,SYMTAB,
cpp,strings,O0g,.strtab,269,STRTAB,
cpp,strings,O0g,.text,237,PROGBITS,AX
cpp,strings,O0g,.rela.text,24,RELA,I
cpp,strings,O0g,.rodata.str1.1,19,PROGBITS,AMS
cpp,strings,O0g,.debug_abbrev,240,PROGBITS,
cpp,strings,O0g,.debug_info,272,PROGBITS,
cpp,strings,O0g,.rela.debug_info,96,RELA,I
cpp,strings,O0g,.debug_str_offsets,80,PROGBITS,
cpp,strings,O0g,.rela.debug_str_offsets,432,RELA,I
cpp,strings,O0g,.debug_str,246,PROGBITS,MS
cpp,strings,O0g,.debug_addr,56,PROGBITS,
cpp,strings,O0g,.rela.debug_addr,144,RELA,I
cpp,strings,O0g,.comment,22,PROGBITS,MS
cpp,strings,O0g,.note.GNU-stack,0,PROGBITS,
cpp,strings,O0g,.eh_frame,120,X86_64_UNWIND,A
cpp,strings,O0g,.rela.eh_frame,72,RELA,I
cpp,strings,O0g,.debug_line,326,PROGBITS,
cpp,strings,O0g,.rela.debug_line,264,RELA,I
cpp,strings,O0g,.debug_line_str,360,PROGBITS,MS
cpp,strings,O0g,.llvm_addrsig,0,LLVM_ADDRSIG,E
cpp,strings,O0g,.symtab,336,SYMTAB,
cpp,errors,O0g,.strtab,590,STRTAB,
cpp,errors,O0g,.text,287,PROGBITS,AX
cpp,errors,O0g,.rela.text,264,RELA,I
cpp,errors,O0g,.gcc_except_table,36,PROGBITS,A
cpp,errors,O0g,.rela.gcc_except_table,24,RELA,I
cpp,errors,O0g,.rodata.str1.1,17,PROGBITS,AMS
cpp,errors,O0g,.data,8,PROGBITS,WA
cpp,errors,O0g,.rela.data,24,RELA,I
cpp,errors,O0g,.debug_abbrev,580,PROGBITS,
cpp,errors,O0g,.debug_info,5301,PROGBITS,
cpp,errors,O0g,.rela.debug_info,96,RELA,I
cpp,errors,O0g,.debug_str_offsets,984,PROGBITS,
cpp,errors,O0g,.rela.debug_str_offsets,5856,RELA,I
cpp,errors,O0g,.debug_str,2367,PROGBITS,MS
cpp,errors,O0g,.debug_addr,40,PROGBITS,
cpp,errors,O0g,.rela.debug_addr,96,RELA,I
cpp,errors,O0g,.group,12,GROUP,
cpp,errors,O0g,.data.DW.ref.__gxx_personality_v0,8,PROGBITS,WAG
cpp,errors,O0g,.rela.data.DW.ref.__gxx_personality_v0,24,RELA,G
cpp,errors,O0g,.comment,22,PROGBITS,MS
cpp,errors,O0g,.note.GNU-stack,0,PROGBITS,
cpp,errors,O0g,.eh_frame,168,X86_64_UNWIND,A
cpp,errors,O0g,.rela.eh_frame,144,RELA,I
cpp,errors,O0g,.debug_line,718,PROGBITS,
cpp,errors,O0g,.rela.debug_line,792,RELA,I
cpp,errors,O0g,.debug_line_str,634,PROGBITS,MS
cpp,errors,O0g,.llvm_addrsig,10,LLVM_ADDRSIG,E
cpp,errors,O0g,.symtab,720,SYMTAB,
cpp,cabi,O0g,.strtab,230,STRTAB,
cpp,cabi,O0g,.text,137,PROGBITS,AX
cpp,cabi,O0g,.debug_abbrev,142,PROGBITS,
cpp,cabi,O0g,.debug_info,214,PROGBITS,
cpp,cabi,O0g,.rela.debug_info,96,RELA,I
cpp,cabi,O0g,.debug_str_offsets,72,PROGBITS,
cpp,cabi,O0g,.rela.debug_str_offsets,384,RELA,I
cpp,cabi,O0g,.debug_str,197,PROGBITS,MS
cpp,cabi,O0g,.debug_addr,32,PROGBITS,
cpp,cabi,O0g,.rela.debug_addr,72,RELA,I
cpp,cabi,O0g,.comment,22,PROGBITS,MS
cpp,cabi,O0g,.note.GNU-stack,0,PROGBITS,
cpp,cabi,O0g,.eh_frame,120,X86_64_UNWIND,A
cpp,cabi,O0g,.rela.eh_frame,72,RELA,I
cpp,cabi,O0g,.debug_line,187,PROGBITS,
cpp,cabi,O0g,.rela.debug_line,120,RELA,I
cpp,cabi,O0g,.debug_line_str,116,PROGBITS,MS
cpp,cabi,O0g,.llvm_addrsig,0,LLVM_ADDRSIG,E
cpp,cabi,O0g,.symtab,288,SYMTAB,
cpp,demo,O2,.strtab,149,STRTAB,
cpp,demo,O2,.text,36,PROGBITS,AX
cpp,demo,O2,.group,8,GROUP,
cpp,demo,O2,.text._Z3addIiET_S0_S0_,4,PROGBITS,AXG
cpp,demo,O2,.comment,22,PROGBITS,MS
cpp,demo,O2,.note.GNU-stack,0,PROGBITS,
cpp,demo,O2,.eh_frame,104,X86_64_UNWIND,A
cpp,demo,O2,.rela.eh_frame,96,RELA,I
cpp,demo,O2,.llvm_addrsig,0,LLVM_ADDRSIG,E
cpp,demo,O2,.symtab,192,SYMTAB,
cpp,generics,O2,.strtab,341,STRTAB,
cpp,generics,O2,.text,1190,PROGBITS,AX
cpp,generics,O2,.rela.text,24,RELA,I
cpp,generics,O2,.group,8,GROUP,
cpp,generics,O2,.text._Z3sumIiET_PKS0_m,116,PROGBITS,AXG
cpp,generics,O2,.group,8,GROUP,
cpp,generics,O2,.text._Z3sumIxET_PKS0_m,109,PROGBITS,AXG
cpp,generics,O2,.group,8,GROUP,
cpp,generics,O2,.text._Z3sumIdET_PKS0_m,142,PROGBITS,AXG
cpp,generics,O2,.group,8,GROUP,
cpp,generics,O2,.text._Z6max_ofIiET_PKS0_m,241,PROGBITS,AXG
cpp,generics,O2,.rodata.cst16,32,PROGBITS,AM
cpp,generics,O2,.group,12,GROUP,
cpp,generics,O2,.text._Z6max_ofIxET_PKS0_m,404,PROGBITS,AXG
cpp,generics,O2,.rela.text._Z6max_ofIxET_PKS0_m,24,RELA,G
cpp,generics,O2,.group,8,GROUP,
cpp,generics,O2,.text._Z6max_ofIdET_PKS0_m,134,PROGBITS,AXG
cpp,generics,O2,.comment,22,PROGBITS,MS
cpp,generics,O2,.note.GNU-stack,0,PROGBITS,
cpp,generics,O2,.eh_frame,264,X86_64_UNWIND,A
cpp,generics,O2,.rela.eh_frame,288,RELA,I
cpp,generics,O2,.llvm_addrsig,0,LLVM_ADDRSIG,E
cpp,generics,O2,.symtab,552,SYMTAB,
cpp,strings,O2,.strtab,212,STRTAB,
cpp,strings,O2,.text,952,PROGBITS,AX
cpp,strings,O2,.rela.text,144,RELA,I
cpp,strings,O2,.rodata.cst16,80,PROGBITS,AM
cpp,strings,O2,.rodata.str1.1,19,PROGBITS,AMS
cpp,strings,O2,.comment,22,PROGBITS,MS
cpp,strings,O2,.note.GNU-stack,0,PROGBITS,
cpp,strings,O2,.eh_frame,88,X86_64_UNWIND,A
cpp,strings,O2,.rela.eh_frame,72,RELA,I
cpp,strings,O2,.llvm_addrsig,0,LLVM_ADDRSIG,E
cpp,strings,O2,.symtab,288,SYMTAB,
cpp,errors,O2,.strtab,455,STRTAB,
cpp,errors,O2,.text,234,PROGBITS,AX
cpp,errors,O2,.rela.text,432,RELA,I
cpp,errors,O2,.gcc_except_table,48,PROGBITS,A
cpp,errors,O2,.rela.gcc_except_table,24,RELA,I
cpp,errors,O2,.rodata.str1.1,17,PROGBITS,AMS
cpp,errors,O2,.data,8,PROGBITS,WA
cpp,errors,O2,.rela.data,24,RELA,I
cpp,errors,O2,.group,12,GROUP,
cpp,errors,O2,.data.DW.ref.__gxx_personality_v0,8,PROGBITS,WAG
cpp,errors,O2,.rela.data.DW.ref.__gxx_personality_v0,24,RELA,G
cpp,errors,O2,.comment,22,PROGBITS,MS
cpp,errors,O2,.note.GNU-stack,0,PROGBITS,
cpp,errors,O2,.eh_frame,128,X86_64_UNWIND,A
cpp,errors,O2,.rela.eh_frame,120,RELA,I
cpp,errors,O2,.llvm_addrsig,4,LLVM_ADDRSIG,E
cpp,errors,O2,.symtab,528,SYMTAB,
cpp,cabi,O2,.strtab,114,STRTAB,
cpp,cabi,O2,.text,91,PROGBITS,AX
cpp,cabi,O2,.comment,22,PROGBITS,MS
cpp,cabi,O2,.note.GNU-stack,0,PROGBITS,
cpp,cabi,O2,.eh_frame,88,X86_64_UNWIND,A
cpp,cabi,O2,.rela.eh_frame,72,RELA,I
cpp,cabi,O2,.llvm_addrsig,0,LLVM_ADDRSIG,E
cpp,cabi,O2,.symtab,144,SYMTAB,
cpp,demo,O2g,.strtab,281,STRTAB,
cpp,demo,O2g,.text,36,PROGBITS,AX
cpp,demo,O2g,.group,8,GROUP,
cpp,demo,O2g,.text._Z3addIiET_S0_S0_,4,PROGBITS,AXG
cpp,demo,O2g,.debug_abbrev,165,PROGBITS,
cpp,demo,O2g,.debug_info,291,PROGBITS,
cpp,demo,O2g,.rela.debug_info,120,RELA,I
cpp,demo,O2g,.debug_rnglists,28,PROGBITS,
cpp,demo,O2g,.debug_str_offsets,72,PROGBITS,
cpp,demo,O2g,.rela.debug_str_offsets,384,RELA,I
cpp,demo,O2g,.debug_str,203,PROGBITS,MS
cpp,demo,O2g,.debug_addr,48,PROGBITS,
cpp,demo,O2g,.rela.debug_addr,120,RELA,I
cpp,demo,O2g,.comment,22,PROGBITS,MS
cpp,demo,O2g,.note.GNU-stack,0,PROGBITS,
cpp,demo,O2g,.eh_frame,104,X86_64_UNWIND,A
cpp,demo,O2g,.rela.eh_frame,96,RELA,I
cpp,demo,O2g,.debug_line,178,PROGBITS,
cpp,demo,O2g,.rela.debug_line,168,RELA,I
cpp,demo,O2g,.debug_line_str,116,PROGBITS,MS
cpp,demo,O2g,.llvm_addrsig,0,LLVM_ADDRSIG,E
cpp,demo,O2g,.symtab,360,SYMTAB,
cpp,generics,O2g,.strtab,489,STRTAB,
cpp,generics,O2g,.text,1190,PROGBITS,AX
cpp,generics,O2g,.rela.text,24,RELA,I
cpp,generics,O2g,.group,8,GROUP,
cpp,generics,O2g,.text._Z3sumIiET_PKS0_m,116,PROGBITS,AXG
cpp,generics,O2g,.group,8,GROUP,
cpp,generics,O2g,.text._Z3sumIxET_PKS0_m,109,PROGBITS,AXG
cpp,generics,O2g,.group,8,GROUP,
cpp,generics,O2g,.text._Z3sumIdET_PKS0_m,142,PROGBITS,AXG
cpp,generics,O2g,.group,8,GROUP,
cpp,generics,O2g,.text._Z6max_ofIiET_PKS0_m,241,PROGBITS,AXG
cpp,generics,O2g,.rodata.cst16,32,PROGBITS,AM
cpp,generics,O2g,.group,12,GROUP,
cpp,generics,O2g,.text._Z6max_ofIxET_PKS0_m,404,PROGBITS,AXG
cpp,generics,O2g,.rela.text._Z6max_ofIxET_PKS0_m,24,RELA,G
cpp,generics,O2g,.group,8,GROUP,
cpp,generics,O2g,.text._Z6max_ofIdET_PKS0_m,134,PROGBITS,AXG
cpp,generics,O2g,.debug_loclists,1016,PROGBITS,
cpp,generics,O2g,.debug_abbrev,312,PROGBITS,
cpp,generics,O2g,.debug_info,1197,PROGBITS,
cpp,generics,O2g,.rela.debug_info,144,RELA,I
cpp,generics,O2g,.debug_rnglists,130,PROGBITS,
cpp,generics,O2g,.debug_str_offsets,144,PROGBITS,
cpp,generics,O2g,.rela.debug_str_offsets,816,RELA,I
cpp,generics,O2g,.debug_str,440,PROGBITS,MS
cpp,generics,O2g,.debug_addr,152,PROGBITS,
cpp,generics,O2g,.rela.debug_addr,432,RELA,I
cpp,generics,O2g,.comment,22,PROGBITS,MS
cpp,generics,O2g,.note.GNU-stack,0,PROGBITS,
cpp,generics,O2g,.eh_frame,264,X86_64_UNWIND,A
cpp,generics,O2g,.rela.eh_frame,288,RELA,I
cpp,generics,O2g,.debug_line,1079,PROGBITS,
cpp,generics,O2g,.rela.debug_line,408,RELA,I
cpp,generics,O2g,.debug_line_str,362,PROGBITS,MS
cpp,generics,O2g,.llvm_addrsig,0,LLVM_ADDRSIG,E
cpp,generics,O2g,.symtab,744,SYMTAB,
cpp,strings,O2g,.strtab,360,STRTAB,
cpp,strings,O2g,.text,952,PROGBITS,AX
cpp,strings,O2g,.rela.text,144,RELA,I
cpp,strings,O2g,.rodata.cst16,80,PROGBITS,AM
cpp,strings,O2g,.rodata.str1.1,19,PROGBITS,AMS
cpp,strings,O2g,.debug_loclists,76,PROGBITS,
cpp,strings,O2g,.debug_abbrev,258,PROGBITS,
cpp,strings,O2g,.debug_info,265,PROGBITS,
cpp,strings,O2g,.rela.debug_info,144,RELA,I
cpp,strings,O2g,.debug_rnglists,24,PROGBITS,
cpp,strings,O2g,.debug_str_offsets,80,PROGBITS,
cpp,strings,O2g,.rela.debug_str_offsets,432,RELA,I
cpp,strings,O2g,.debug_str,246,PROGBITS,MS
cpp,strings,O2g,.debug_addr,40,PROGBITS,
cpp,strings,O2g,.rela.debug_addr,96,RELA,I
cpp,strings,O2g,.comment,22,PROGBITS,MS
cpp,strings,O2g,.note.GNU-stack,0,PROGBITS,
cpp,strings,O2g,.eh_frame,88,X86_64_UNWIND,A
cpp,strings,O2g,.rela.eh_frame,72,RELA,I
cpp,strings,O2g,.debug_line,461,PROGBITS,
cpp,strings,O2g,.rela.debug_line,264,RELA,I
cpp,strings,O2g,.debug_line_str,360,PROGBITS,MS
cpp,strings,O2g,.llvm_addrsig,0,LLVM_ADDRSIG,E
cpp,strings,O2g,.symtab,504,SYMTAB,
cpp,errors,O2g,.strtab,603,STRTAB,
cpp,errors,O2g,.text,234,PROGBITS,AX
cpp,errors,O2g,.rela.text,432,RELA,I
cpp,errors,O2g,.gcc_except_table,48,PROGBITS,A
cpp,errors,O2g,.rela.gcc_except_table,24,RELA,I
cpp,errors,O2g,.rodata.str1.1,17,PROGBITS,AMS
cpp,errors,O2g,.data,8,PROGBITS,WA
cpp,errors,O2g,.rela.data,24,RELA,I
cpp,errors,O2g,.debug_loclists,221,PROGBITS,
cpp,errors,O2g,.debug_abbrev,813,PROGBITS,
cpp,errors,O2g,.debug_info,5783,PROGBITS,
cpp,errors,O2g,.rela.debug_info,144,RELA,I
cpp,errors,O2g,.debug_rnglists,38,PROGBITS,
cpp,errors,O2g,.debug_str_offsets,1152,PROGBITS,
cpp,errors,O2g,.rela.debug_str_offsets,6864,RELA,I
cpp,errors,O2g,.debug_str,2868,PROGBITS,MS
cpp,errors,O2g,.debug_addr,48,PROGBITS,
cpp,errors,O2g,.rela.debug_addr,120,RELA,I
cpp,errors,O2g,.group,12,GROUP,
cpp,errors,O2g,.data.DW.ref.__gxx_personality_v0,8,PROGBITS,WAG
cpp,errors,O2g,.rela.data.DW.ref.__gxx_personality_v0,24,RELA,G
cpp,errors,O2g,.comment,22,PROGBITS,MS
cpp,errors,O2g,.note.GNU-stack,0,PROGBITS,
cpp,errors,O2g,.eh_frame,128,X86_64_UNWIND,A
cpp,errors,O2g,.rela.eh_frame,120,RELA,I
cpp,errors,O2g,.debug_line,816,PROGBITS,
cpp,errors,O2g,.rela.debug_line,960,RELA,I
cpp,errors,O2g,.debug_line_str,725,PROGBITS,MS
cpp,errors,O2g,.llvm_addrsig,4,LLVM_ADDRSIG,E
cpp,errors,O2g,.symtab,744,SYMTAB,
cpp,cabi,O2g,.strtab,246,STRTAB,
cpp,cabi,O2g,.text,91,PROGBITS,AX
cpp,cabi,O2g,.debug_loclists,134,PROGBITS,
cpp,cabi,O2g,.debug_abbrev,162,PROGBITS,
cpp,cabi,O2g,.debug_info,220,PROGBITS,
cpp,cabi,O2g,.rela.debug_info,120,RELA,I
cpp,cabi,O2g,.debug_str_offsets,80,PROGBITS,
cpp,cabi,O2g,.rela.debug_str_offsets,432,RELA,I
cpp,cabi,O2g,.debug_str,235,PROGBITS,MS
cpp,cabi,O2g,.debug_addr,32,PROGBITS,
cpp,cabi,O2g,.rela.debug_addr,72,RELA,I
cpp,cabi,O2g,.comment,22,PROGBITS,MS
cpp,cabi,O2g,.note.GNU-stack,0,PROGBITS,
cpp,cabi,O2g,.eh_frame,88,X86_64_UNWIND,A
cpp,cabi,O2g,.rela.eh_frame,72,RELA,I
cpp,cabi,O2g,.debug_line,158,PROGBITS,
cpp,cabi,O2g,.rela.debug_line,120,RELA,I
cpp,cabi,O2g,.debug_line_str,116,PROGBITS,MS
cpp,cabi,O2g,.llvm_addrsig,0,LLVM_ADDRSIG,E
cpp,cabi,O2g,.symtab,312,SYMTAB,
cpp,demo,Os,.strtab,149,STRTAB,
cpp,demo,Os,.text,16,PROGBITS,AX
cpp,demo,Os,.group,8,GROUP,
cpp,demo,Os,.text._Z3addIiET_S0_S0_,4,PROGBITS,AXG
cpp,demo,Os,.comment,22,PROGBITS,MS
cpp,demo,Os,.note.GNU-stack,0,PROGBITS,
cpp,demo,Os,.eh_frame,104,X86_64_UNWIND,A
cpp,demo,Os,.rela.eh_frame,96,RELA,I
cpp,demo,Os,.llvm_addrsig,0,LLVM_ADDRSIG,E
cpp,demo,Os,.symtab,192,SYMTAB,
cpp,generics,Os,.strtab,298,STRTAB,
cpp,generics,Os,.text,169,PROGBITS,AX
cpp,generics,Os,.group,8,GROUP,
cpp,generics,Os,.text._Z3sumIiET_PKS0_m,21,PROGBITS,AXG
cpp,generics,Os,.group,8,GROUP,
cpp,generics,Os,.text._Z3sumIxET_PKS0_m,22,PROGBITS,AXG
cpp,generics,Os,.group,8,GROUP,
cpp,generics,Os,.text._Z3sumIdET_PKS0_m,25,PROGBITS,AXG
cpp,generics,Os,.group,8,GROUP,
cpp,generics,Os,.text._Z6max_ofIiET_PKS0_m,30,PROGBITS,AXG
cpp,generics,Os,.group,8,GROUP,
cpp,generics,Os,.text._Z6max_ofIxET_PKS0_m,34,PROGBITS,AXG
cpp,generics,Os,.group,8,GROUP,
cpp,generics,Os,.text._Z6max_ofIdET_PKS0_m,37,PROGBITS,AXG
cpp,generics,Os,.comment,22,PROGBITS,MS
cpp,generics,Os,.note.GNU-stack,0,PROGBITS,
cpp,generics,Os,.eh_frame,264,X86_64_UNWIND,A
cpp,generics,Os,.rela.eh_frame,288,RELA,I
cpp,generics,Os,.llvm_addrsig,0,LLVM_ADDRSIG,E
cpp,generics,Os,.symtab,504,SYMTAB,
cpp,strings,Os,.strtab,153,STRTAB,
cpp,strings,Os,.text,72,PROGBITS,AX
cpp,strings,Os,.rela.text,24,RELA,I
cpp,strings,Os,.rodata.str1.1,19,PROGBITS,AMS
cpp,strings,Os,.comment,22,PROGBITS,MS
cpp,strings,Os,.note.GNU-stack,0,PROGBITS,
cpp,strings,Os,.eh_frame,88,X86_64_UNWIND,A
cpp,strings,Os,.rela.eh_frame,72,RELA,I
cpp,strings,Os,.llvm_addrsig,0,LLVM_ADDRSIG,E
cpp,strings,Os,.symtab,168,SYMTAB,
cpp,errors,Os,.strtab,474,STRTAB,
cpp,errors,Os,.text,127,PROGBITS,AX
cpp,errors,Os,.rela.text,240,RELA,I
cpp,errors,Os,.gcc_except_table,36,PROGBITS,A
cpp,errors,Os,.rela.gcc_except_table,24,RELA,I
cpp,errors,Os,.rodata.str1.1,17,PROGBITS,AMS
cpp,errors,Os,.data,8,PROGBITS,WA
cpp,errors,Os,.rela.data,24,RELA,I
cpp,errors,Os,.group,12,GROUP,
cpp,errors,Os,.data.DW.ref.__gxx_personality_v0,8,PROGBITS,WAG
cpp,errors,Os,.rela.data.DW.ref.__gxx_personality_v0,24,RELA,G
cpp,errors,Os,.comment,22,PROGBITS,MS
cpp,errors,Os,.note.GNU-stack,0,PROGBITS,
cpp,errors,Os,.eh_frame,160,X86_64_UNWIND,A
cpp,errors,Os,.rela.eh_frame,144,RELA,I
cpp,errors,Os,.llvm_addrsig,4,LLVM_ADDRSIG,E
cpp,errors,Os,.symtab,552,SYMTAB,
cpp,cabi,Os,.strtab,114,STRTAB,
cpp,cabi,Os,.text,79,PROGBITS,AX
cpp,cabi,Os,.comment,22,PROGBITS,MS
cpp,cabi,Os,.note.GNU-stack,0,PROGBITS,
cpp,cabi,Os,.eh_frame,88,X86_64_UNWIND,A
cpp,cabi,Os,.rela.eh_frame,72,RELA,I
cpp,cabi,Os,.llvm_addrsig,0,LLVM_ADDRSIG,E
cpp,cabi,Os,.symtab,144,SYMTAB,
rust,demo,O0g,.strtab,898,STRTAB,
rust,demo,O0g,.text,0,PROGBITS,AX
rust,demo,O0g,.text._RINvCshrCAH18MVso_8obj_demo3addlEB2_,22,PROGBITS,AX
rust,demo,O0g,.rela.text._RINvCshrCAH18MVso_8obj_demo3addlEB2_,48,RELA,I
rust,demo,O0g,.text._RNvNtCshrCAH18MVso_8obj_demo4geom4area,46,PROGBITS,AX
rust,demo,O0g,.rela.text._RNvNtCshrCAH18MVso_8obj_demo4geom4area,48,RELA,I
rust,demo,O0g,.text._RNvXs7_NtNtCscNqnBmBaIcL_4core3ops5arithlNtB5_3Add3addCshrCAH18MVso_8obj_demo,46,PROGBITS,AX
rust,demo,O0g,.rela.text._RNvXs7_NtNtCscNqnBmBaIcL_4core3ops5arithlNtB5_3Add3addCshrCAH18MVso_8obj_demo,24,RELA,I
rust,demo,O0g,.text.add_i32,42,PROGBITS,AX
rust,demo,O0g,.rela.text.add_i32,48,RELA,I
rust,demo,O0g,.gcc_except_table.add_i32,16,PROGBITS,A
rust,demo,O0g,.text.c_area,42,PROGBITS,AX
rust,demo,O0g,.rela.text.c_area,48,RELA,I
rust,demo,O0g,.gcc_except_table.c_area,16,PROGBITS,A
rust,demo,O0g,.rodata.str1.1,58,PROGBITS,AMS
rust,demo,O0g,.data.rel.ro..Lanon.574bd942af5ae26aa8489787a1b28540.1,24,PROGBITS,WA
rust,demo,O0g,.rela.data.rel.ro..Lanon.574bd942af5ae26aa8489787a1b28540.1,24,RELA,I
rust,demo,O0g,.data.rel.ro..Lanon.574bd942af5ae26aa8489787a1b28540.2,24,PROGBITS,WA
rust,demo,O0g,.rela.data.rel.ro..Lanon.574bd942af5ae26aa8489787a1b28540.2,24,RELA,I
rust,demo,O0g,.debug_abbrev,127,PROGBITS,
rust,demo,O0g,.debug_info,377,PROGBITS,
rust,demo,O0g,.rela.debug_info,888,RELA,I
rust,demo,O0g,.debug_aranges,112,PROGBITS,
rust,demo,O0g,.rela.debug_aranges,144,RELA,I
rust,demo,O0g,.debug_ranges,96,PROGBITS,
rust,demo,O0g,.rela.debug_ranges,240,RELA,I
rust,demo,O0g,.debug_str,472,PROGBITS,MS
rust,demo,O0g,.group,12,GROUP,
rust,demo,O0g,.data.DW.ref.rust_eh_personality,8,PROGBITS,WAG
rust,demo,O0g,.rela.data.DW.ref.rust_eh_personality,24,RELA,G
rust,demo,O0g,.comment,74,PROGBITS,MS
rust,demo,O0g,.note.GNU-stack,0,PROGBITS,
rust,demo,O0g,.eh_frame,192,X86_64_UNWIND,A
rust,demo,O0g,.rela.eh_frame,192,RELA,I
rust,demo,O0g,.debug_line,298,PROGBITS,
rust,demo,O0g,.rela.debug_line,120,RELA,I
rust,demo,O0g,.symtab,696,SYMTAB,
rust,generics,O0g,.strtab,3507,STRTAB,
rust,generics,O0g,.text,0,PROGBITS,AX
rust,generics,O0g,.text._RINvCs4YQVypD8MaK_12obj_generics3sumdEB2_,124,PROGBITS,AX
rust,generics,O0g,.rela.text._RINvCs4YQVypD8MaK_12obj_generics3sumdEB2_,96,RELA,I
rust,generics,O0g,.text._RINvCs4YQVypD8MaK_12obj_generics3sumlEB2_,121,PROGBITS,AX
rust,generics,O0g,.rela.text._RINvCs4YQVypD8MaK_12obj_generics3sumlEB2_,96,RELA,I
rust,generics,O0g,.text._RINvCs4YQVypD8MaK_12obj_generics3sumxEB2_,121,PROGBITS,AX
rust,generics,O0g,.rela.text._RINvCs4YQVypD8MaK_12obj_generics3sumxEB2_,96,RELA,I
rust,generics,O0g,.text._RINvCs4YQVypD8MaK_12obj_generics6max_ofdEB2_,209,PROGBITS,AX
rust,generics,O0g,.rela.text._RINvCs4YQVypD8MaK_12obj_generics6max_ofdEB2_,96,RELA,I
rust,generics,O0g,.text._RINvCs4YQVypD8MaK_12obj_generics6max_oflEB2_,191,PROGBITS,AX
rust,generics,O0g,.rela.text._RINvCs4YQVypD8MaK_12obj_generics6max_oflEB2_,96,RELA,I
rust,generics,O0g,.text._RINvCs4YQVypD8MaK_12obj_generics6max_ofxEB2_,200,PROGBITS,AX
rust,generics,O0g,.rela.text._RINvCs4YQVypD8MaK_12obj_generics6max_ofxEB2_,96,RELA,I
rust,generics,O0g,.text._RINvNtNtCscNqnBmBaIcL_4core5slice3raw14from_raw_partsdECs4YQVypD8MaK_12obj_generics,69,PROGBITS,AX
rust,generics,O0g,.rela.text._RINvNtNtCscNqnBmBaIcL_4core5slice3raw14from_raw_partsdECs4YQVypD8MaK_12obj_generics,24,RELA,I
rust,generics,O0g,.text._RINvNtNtCscNqnBmBaIcL_4core5slice3raw14from_raw_partslECs4YQVypD8MaK_12obj_generics,69,PROGBITS,AX
rust,generics,O0g,.rela.text._RINvNtNtCscNqnBmBaIcL_4core5slice3raw14from_raw_partslECs4YQVypD8MaK_12obj_generics,24,RELA,I
rust,generics,O0g,.text._RINvNtNtCscNqnBmBaIcL_4core5slice3raw14from_raw_partsxECs4YQVypD8MaK_12obj_generics,69,PROGBITS,AX
rust,generics,O0g,.rela.text._RINvNtNtCscNqnBmBaIcL_4core5slice3raw14from_raw_partsxECs4YQVypD8MaK_12obj_generics,24,RELA,I
rust,generics,O0g,.text._RNvMNtNtCscNqnBmBaIcL_4core3ptr9const_ptrPu13is_aligned_toCs4YQVypD8MaK_12obj_generics,198,PROGBITS,AX
rust,generics,O0g,.rela.text._RNvMNtNtCscNqnBmBaIcL_4core3ptr9const_ptrPu13is_aligned_toCs4YQVypD8MaK_12obj_generics,96,RELA,I
rust,generics,O0g,.text._RNvNvNtNtCscNqnBmBaIcL_4core5slice3raw14from_raw_parts18precondition_checkCs4YQVypD8MaK_12obj_generics,232,PROGBITS,AX
rust,generics,O0g,.rela.text._RNvNvNtNtCscNqnBmBaIcL_4core5slice3raw14from_raw_parts18precondition_checkCs4YQVypD8MaK_12obj_generics,120,RELA,I
rust,generics,O0g,.gcc_except_table._RNvNvNtNtCscNqnBmBaIcL_4core5slice3raw14from_raw_parts18precondition_checkCs4YQVypD8MaK_12obj_generics,16,PROGBITS,A
rust,generics,O0g,.text._RNvXs2J_NtNtCscNqnBmBaIcL_4core5slice4iterINtB6_4IterdENtNtNtNtBa_4iter6traits8iterator8Iterator4nextCs4YQVypD8MaK_12obj_generics,118,PROGBITS,AX
rust,generics,O0g,.text._RNvXs2J_NtNtCscNqnBmBaIcL_4core5slice4iterINtB6_4IterlENtNtNtNtBa_4iter6traits8iterator8Iterator4nextCs4YQVypD8MaK_12obj_generics,118,PROGBITS,AX
rust,generics,O0g,.text._RNvXs2J_NtNtCscNqnBmBaIcL_4core5slice4iterINtB6_4IterxENtNtNtNtBa_4iter6traits8iterator8Iterator4nextCs4YQVypD8MaK_12obj_generics,118,PROGBITS,AX
rust,generics,O0g,.text._RNvXs5B_NtNtCscNqnBmBaIcL_4core3ops5arithlNtB6_9AddAssign10add_assignCs4YQVypD8MaK_12obj_generics,59,PROGBITS,AX
rust,generics,O0g,.rela.text._RNvXs5B_NtNtCscNqnBmBaIcL_4core3ops5arithlNtB6_9AddAssign10add_assignCs4YQVypD8MaK_12obj_generics,24,RELA,I
rust,generics,O0g,.text._RNvXs5C_NtNtCscNqnBmBaIcL_4core3ops5arithxNtB6_9AddAssign10add_assignCs4YQVypD8MaK_12obj_generics,64,PROGBITS,AX
rust,generics,O0g,.rela.text._RNvXs5C_NtNtCscNqnBmBaIcL_4core3ops5arithxNtB6_9AddAssign10add_assignCs4YQVypD8MaK_12obj_generics,24,RELA,I
rust,generics,O0g,.text._RNvXs5G_NtNtCscNqnBmBaIcL_4core3ops5arithdNtB6_9AddAssign10add_assignCs4YQVypD8MaK_12obj_generics,20,PROGBITS,AX
rust,generics,O0g,.text._RNvXs_NtNtCscNqnBmBaIcL_4core5slice4iterRSdNtNtNtNtB8_4iter6traits7collect12IntoIterator9into_iterCs4YQVypD8MaK_12obj_generics,78,PROGBITS,AX
rust,generics,O0g,.text._RNvXs_NtNtCscNqnBmBaIcL_4core5slice4iterRSlNtNtNtNtB8_4iter6traits7collect12IntoIterator9into_iterCs4YQVypD8MaK_12obj_generics,78,PROGBITS,AX
rust,generics,O0g,.text._RNvXs_NtNtCscNqnBmBaIcL_4core5slice4iterRSxNtNtNtNtB8_4iter6traits7collect12IntoIterator9into_iterCs4YQVypD8MaK_12obj_generics,78,PROGBITS,AX
rust,generics,O0g,.text.max_f64,84,PROGBITS,AX
rust,generics,O0g,.rela.text.max_f64,96,RELA,I
rust,generics,O0g,.gcc_except_table.max_f64,16,PROGBITS,A
rust,generics,O0g,.text.max_i32,82,PROGBITS,AX
rust,generics,O0g,.rela.text.max_i32,96,RELA,I
rust,generics,O0g,.gcc_except_table.max_i32,16,PROGBITS,A
rust,generics,O0g,.text.max_i64,82,PROGBITS,AX
rust,generics,O0g,.rela.text.max_i64,96,RELA,I
rust,generics,O0g,.gcc_except_table.max_i64,16,PROGBITS,A
rust,generics,O0g,.text.sum_f64,84,PROGBITS,AX
rust,generics,O0g,.rela.text.sum_f64,96,RELA,I
rust,generics,O0g,.gcc_except_table.sum_f64,16,PROGBITS,A
rust,generics,O0g,.text.sum_i32,82,PROGBITS,AX
rust,generics,O0g,.rela.text.sum_i32,96,RELA,I
rust,generics,O0g,.gcc_except_table.sum_i32,16,PROGBITS,A
rust,generics,O0g,.text.sum_i64,82,PROGBITS,AX
rust,generics,O0g,.rela.text.sum_i64,96,RELA,I
rust,generics,O0g,.gcc_except_table.sum_i64,16,PROGBITS,A
rust,generics,O0g,.rodata.str1.1,96,PROGBITS,AMS
rust,generics,O0g,.data.rel.ro..Lanon.9f8e32ec2a47946a0a236d073398a976.1,24,PROGBITS,WA
rust,generics,O0g,.rela.data.rel.ro..Lanon.9f8e32ec2a47946a0a236d073398a976.1,24,RELA,I
rust,generics,O0g,.data.rel.ro..Lanon.9f8e32ec2a47946a0a236d073398a976.2,24,PROGBITS,WA
rust,generics,O0g,.rela.data.rel.ro..Lanon.9f8e32ec2a47946a0a236d073398a976.2,24,RELA,I
rust,generics,O0g,.rodata..Lanon.9f8e32ec2a47946a0a236d073398a976.3,42,PROGBITS,A
rust,generics,O0g,.data.rel.ro..Lanon.9f8e32ec2a47946a0a236d073398a976.5,24,PROGBITS,WA
rust,generics,O0g,.rela.data.rel.ro..Lanon.9f8e32ec2a47946a0a236d073398a976.5,24,RELA,I
rust,generics,O0g,.rodata..Lanon.9f8e32ec2a47946a0a236d073398a976.6,279,PROGBITS,A
rust,generics,O0g,.data.rel.ro..Lanon.9f8e32ec2a47946a0a236d073398a976.7,24,PROGBITS,WA
rust,generics,O0g,.rela.data.rel.ro..Lanon.9f8e32ec2a47946a0a236d073398a976.7,24,RELA,I
rust,generics,O0g,.data.rel.ro..Lanon.9f8e32ec2a47946a0a236d073398a976.8,24,PROGBITS,WA
rust,generics,O0g,.rela.data.rel.ro..Lanon.9f8e32ec2a47946a0a236d073398a976.8,24,RELA,I
rust,generics,O0g,.data.rel.ro..Lanon.9f8e32ec2a47946a0a236d073398a976.9,24,PROGBITS,WA
rust,generics,O0g,.rela.data.rel.ro..Lanon.9f8e32ec2a47946a0a236d073398a976.9,24,RELA,I
rust,generics,O0g,.debug_abbrev,627,PROGBITS,
rust,generics,O0g,.debug_info,7221,PROGBITS,
rust,generics,O0g,.rela.debug_info,13824,RELA,I
rust,generics,O0g,.debug_aranges,448,PROGBITS,
rust,generics,O0g,.rela.debug_aranges,648,RELA,I
rust,generics,O0g,.debug_ranges,1520,PROGBITS,
rust,generics,O0g,.rela.debug_ranges,3552,RELA,I
rust,generics,O0g,.debug_str,6788,PROGBITS,MS
rust,generics,O0g,.group,12,GROUP,
rust,generics,O0g,.data.DW.ref.rust_eh_personality,8,PROGBITS,WAG
rust,generics,O0g,.rela.data.DW.ref.rust_eh_personality,24,RELA,G
rust,generics,O0g,.comment,74,PROGBITS,MS
rust,generics,O0g,.note.GNU-stack,0,PROGBITS,
rust,generics,O0g,.eh_frame,712,X86_64_UNWIND,A
rust,generics,O0g,.rela.eh_frame,816,RELA,I
rust,generics,O0g,.debug_line,2359,PROGBITS,
rust,generics,O0g,.rela.debug_line,624,RELA,I
rust,generics,O0g,.symtab,2136,SYMTAB,
rust,strings,O0g,.strtab,6671,STRTAB,
rust,strings,O0g,.text,0,PROGBITS,AX
rust,strings,O0g,.text._RINvNtNtCscNqnBmBaIcL_4core5slice3raw14from_raw_partshECs9LqZmG8XwQX_11obj_strings,69,PROGBITS,AX
rust,strings,O0g,.rela.text._RINvNtNtCscNqnBmBaIcL_4core5slice3raw14from_raw_partshECs9LqZmG8XwQX_11obj_strings,24,RELA,I
rust,strings,O0g,.text._RINvNtNtCscNqnBmBaIcL_4core5slice3raw18from_raw_parts_muthECs9LqZmG8XwQX_11obj_strings,69,PROGBITS,AX
rust,strings,O0g,.rela.text._RINvNtNtCscNqnBmBaIcL_4core5slice3raw18from_raw_parts_muthECs9LqZmG8XwQX_11obj_strings,24,RELA,I
rust,strings,O0g,.text._RINvXs2J_NtNtCscNqnBmBaIcL_4core5slice4iterINtB7_4IterhENtNtNtNtBb_4iter6traits8iterator8Iterator4foldjNCINvNtNtBY_8adapters3map8map_foldRhjjNCINvNvXs1_NtB1K_6filterINtB2q_6FilterppEBS_5count8to_usizeB2b_NCNvCs9LqZmG8XwQX_11obj_strings10count_char0E,461,PROGBITS,AX
rust,strings,O0g,.rela.text._RINvXs2J_NtNtCscNqnBmBaIcL_4core5slice4iterINtB7_4IterhENtNtNtNtBb_4iter6traits8iterator8Iterator4foldjNCINvNtNtBY_8adapters3map8map_foldRhjjNCINvNvXs1_NtB1K_6filterINtB2q_6FilterppEBS_5count8to_usizeB2b_NCNvCs9LqZmG8XwQX_11obj_strings10count_c,144,RELA,I
rust,strings,O0g,.gcc_except_table._RINvXs2J_NtNtCscNqnBmBaIcL_4core5slice4iterINtB7_4IterhENtNtNtNtBb_4iter6traits8iterator8Iterator4foldjNCINvNtNtBY_8adapters3map8map_foldRhjjNCINvNvXs1_NtB1K_6filterINtB2q_6FilterppEBS_5count8to_usizeB2b_NCNvCs9LqZmG8XwQX_11obj_strings10,16,PROGBITS,A
rust,strings,O0g,.text._RINvYINtNtNtCscNqnBmBaIcL_4core5slice4iter4IterhENtNtNtNtBa_4iter6traits8iterator8Iterator3mapjNCINvNvXs1_NtNtBR_8adapters6filterINtB1G_6FilterppEBL_5count8to_usizeRhNCNvCs9LqZmG8XwQX_11obj_strings10count_char0E0EB2I_,30,PROGBITS,AX
rust,strings,O0g,.text._RINvYINtNtNtCscNqnBmBaIcL_4core5slice4iter4IterhENtNtNtNtBa_4iter6traits8iterator8Iterator6filterNCNvCs9LqZmG8XwQX_11obj_strings10count_char0EB1B_,30,PROGBITS,AX
rust,strings,O0g,.text._RNCINvNtNtNtCscNqnBmBaIcL_4core4iter8adapters3map8map_foldRhjjNCINvNvXs1_NtB6_6filterINtB19_6FilterppENtNtNtB8_6traits8iterator8Iterator5count8to_usizeBU_NCNvCs9LqZmG8XwQX_11obj_strings10count_char0E0NCINvXsK_NtB1G_5accumjNtB3l_3Sum3sumINtB4_3MapINt,151,PROGBITS,AX
rust,strings,O0g,.rela.text._RNCINvNtNtNtCscNqnBmBaIcL_4core4iter8adapters3map8map_foldRhjjNCINvNvXs1_NtB6_6filterINtB19_6FilterppENtNtNtB8_6traits8iterator8Iterator5count8to_usizeBU_NCNvCs9LqZmG8XwQX_11obj_strings10count_char0E0NCINvXsK_NtB1G_5accumjNtB3l_3Sum3sumINtB4_3M,72,RELA,I
rust,strings,O0g,.gcc_except_table._RNCINvNtNtNtCscNqnBmBaIcL_4core4iter8adapters3map8map_foldRhjjNCINvNvXs1_NtB6_6filterINtB19_6FilterppENtNtNtB8_6traits8iterator8Iterator5count8to_usizeBU_NCNvCs9LqZmG8XwQX_11obj_strings10count_char0E0NCINvXsK_NtB1G_5accumjNtB3l_3Sum3sumI,12,PROGBITS,A
rust,strings,O0g,.text._RNCINvNvXs1_NtNtNtCscNqnBmBaIcL_4core4iter8adapters6filterINtBa_6FilterppENtNtNtBe_6traits8iterator8Iterator5count8to_usizeRhNCNvCs9LqZmG8XwQX_11obj_strings10count_char0E0B23_,70,PROGBITS,AX
rust,strings,O0g,.rela.text._RNCINvNvXs1_NtNtNtCscNqnBmBaIcL_4core4iter8adapters6filterINtBa_6FilterppENtNtNtBe_6traits8iterator8Iterator5count8to_usizeRhNCNvCs9LqZmG8XwQX_11obj_strings10count_char0E0B23_,48,RELA,I
rust,strings,O0g,.gcc_except_table._RNCINvNvXs1_NtNtNtCscNqnBmBaIcL_4core4iter8adapters6filterINtBa_6FilterppENtNtNtBe_6traits8iterator8Iterator5count8to_usizeRhNCNvCs9LqZmG8XwQX_11obj_strings10count_char0E0B23_,12,PROGBITS,A
rust,strings,O0g,.text._RNCINvXsK_NtNtNtCscNqnBmBaIcL_4core4iter6traits5accumjNtB8_3Sum3sumINtNtNtBc_8adapters3map3MapINtNtNtBe_5slice4iter4IterhENCINvNvXs1_NtB18_6filterINtB27_6FilterppENtNtBa_8iterator8Iterator5count8to_usizeRhNCNvCs9LqZmG8XwQX_11obj_strings10count_char0,61,PROGBITS,AX
rust,strings,O0g,.rela.text._RNCINvXsK_NtNtNtCscNqnBmBaIcL_4core4iter6traits5accumjNtB8_3Sum3sumINtNtNtBc_8adapters3map3MapINtNtNtBe_5slice4iter4IterhENCINvNvXs1_NtB18_6filterINtB27_6FilterppENtNtBa_8iterator8Iterator5count8to_usizeRhNCNvCs9LqZmG8XwQX_11obj_strings10count_,48,RELA,I
rust,strings,O0g,.text._RNCNvCs9LqZmG8XwQX_11obj_strings10count_char0B3_,30,PROGBITS,AX
rust,strings,O0g,.text._RNvMNtCscNqnBmBaIcL_4core5sliceSh4iterCs9LqZmG8XwQX_11obj_strings,28,PROGBITS,AX
rust,strings,O0g,.rela.text._RNvMNtCscNqnBmBaIcL_4core5sliceSh4iterCs9LqZmG8XwQX_11obj_strings,24,RELA,I
rust,strings,O0g,.text._RNvMNtCscNqnBmBaIcL_4core5sliceSh8iter_mutCs9LqZmG8XwQX_11obj_strings,28,PROGBITS,AX
rust,strings,O0g,.rela.text._RNvMNtCscNqnBmBaIcL_4core5sliceSh8iter_mutCs9LqZmG8XwQX_11obj_strings,24,RELA,I
rust,strings,O0g,.text._RNvMNtNtCscNqnBmBaIcL_4core3ptr9const_ptrPu13is_aligned_toCs9LqZmG8XwQX_11obj_strings,198,PROGBITS,AX
rust,strings,O0g,.rela.text._RNvMNtNtCscNqnBmBaIcL_4core3ptr9const_ptrPu13is_aligned_toCs9LqZmG8XwQX_11obj_strings,96,RELA,I
rust,strings,O0g,.text._RNvMs4_NtCscNqnBmBaIcL_4core3numh18is_ascii_lowercaseCs9LqZmG8XwQX_11obj_strings,48,PROGBITS,AX
rust,strings,O0g,.text._RNvMs4_NtNtCscNqnBmBaIcL_4core5slice4iterINtB5_4IterhE3newCs9LqZmG8XwQX_11obj_strings,74,PROGBITS,AX
rust,strings,O0g,.text._RNvMsa_NtNtCscNqnBmBaIcL_4core5slice4iterINtB5_7IterMuthE3newCs9LqZmG8XwQX_11obj_strings,74,PROGBITS,AX
rust,strings,O0g,.text._RNvNvMNtNtCscNqnBmBaIcL_4core3ptr9const_ptrPp20offset_from_unsigned18precondition_checkCs9LqZmG8XwQX_11obj_strings,73,PROGBITS,AX
rust,strings,O0g,.rela.text._RNvNvMNtNtCscNqnBmBaIcL_4core3ptr9const_ptrPp20offset_from_unsigned18precondition_checkCs9LqZmG8XwQX_11obj_strings,72,RELA,I
rust,strings,O0g,.text._RNvNvMs9_NtCscNqnBmBaIcL_4core3numj13unchecked_add18precondition_checkCs9LqZmG8XwQX_11obj_strings,82,PROGBITS,AX
rust,strings,O0g,.rela.text._RNvNvMs9_NtCscNqnBmBaIcL_4core3numj13unchecked_add18precondition_checkCs9LqZmG8XwQX_11obj_strings,72,RELA,I
rust,strings,O0g,.text._RNvNvNtCscNqnBmBaIcL_4core4hint16assert_unchecked18precondition_checkCs9LqZmG8XwQX_11obj_strings,76,PROGBITS,AX
rust,strings,O0g,.rela.text._RNvNvNtCscNqnBmBaIcL_4core4hint16assert_unchecked18precondition_checkCs9LqZmG8XwQX_11obj_strings,72,RELA,I
rust,strings,O0g,.text._RNvNvNtNtCscNqnBmBaIcL_4core5slice3raw14from_raw_parts18precondition_checkCs9LqZmG8XwQX_11obj_strings,232,PROGBITS,AX
rust,strings,O0g,.rela.text._RNvNvNtNtCscNqnBmBaIcL_4core5slice3raw14from_raw_parts18precondition_checkCs9LqZmG8XwQX_11obj_strings,120,RELA,I
rust,strings,O0g,.gcc_except_table._RNvNvNtNtCscNqnBmBaIcL_4core5slice3raw14from_raw_parts18precondition_checkCs9LqZmG8XwQX_11obj_strings,16,PROGBITS,A
rust,strings,O0g,.text._RNvNvNtNtCscNqnBmBaIcL_4core5slice3raw18from_raw_parts_mut18precondition_checkCs9LqZmG8XwQX_11obj_strings,232,PROGBITS,AX
rust,strings,O0g,.rela.text._RNvNvNtNtCscNqnBmBaIcL_4core5slice3raw18from_raw_parts_mut18precondition_checkCs9LqZmG8XwQX_11obj_strings,120,RELA,I
rust,strings,O0g,.gcc_except_table._RNvNvNtNtCscNqnBmBaIcL_4core5slice3raw18from_raw_parts_mut18precondition_checkCs9LqZmG8XwQX_11obj_strings,16,PROGBITS,A
rust,strings,O0g,.text._RNvXNtNtNtCscNqnBmBaIcL_4core4iter6traits7collectINtNtNtB8_5slice4iter7IterMuthENtB2_12IntoIterator9into_iterCs9LqZmG8XwQX_11obj_strings,17,PROGBITS,AX
rust,strings,O0g,.text._RNvXs1_NtNtNtCscNqnBmBaIcL_4core4iter8adapters6filterINtB5_6FilterINtNtNtBb_5slice4iter4IterhENCNvCs9LqZmG8XwQX_11obj_strings10count_char0ENtNtNtB9_6traits8iterator8Iterator5countB1y_,308,PROGBITS,AX
rust,strings,O0g,.rela.text._RNvXs1_NtNtNtCscNqnBmBaIcL_4core4iter8adapters6filterINtB5_6FilterINtNtNtBb_5slice4iter4IterhENCNvCs9LqZmG8XwQX_11obj_strings10count_char0ENtNtNtB9_6traits8iterator8Iterator5countB1y_,120,RELA,I
rust,strings,O0g,.gcc_except_table._RNvXs1_NtNtNtCscNqnBmBaIcL_4core4iter8adapters6filterINtB5_6FilterINtNtNtBb_5slice4iter4IterhENCNvCs9LqZmG8XwQX_11obj_strings10count_char0ENtNtNtB9_6traits8iterator8Iterator5countB1y_,16,PROGBITS,A
rust,strings,O0g,.text._RNvXs2J_NtNtCscNqnBmBaIcL_4core5slice4iterINtB6_4IterhENtNtNtNtBa_4iter6traits8iterator8Iterator9size_hintCs9LqZmG8XwQX_11obj_strings,165,PROGBITS,AX
rust,strings,O0g,.rela.text._RNvXs2J_NtNtCscNqnBmBaIcL_4core5slice4iterINtB6_4IterhENtNtNtNtBa_4iter6traits8iterator8Iterator9size_hintCs9LqZmG8XwQX_11obj_strings,48,RELA,I
rust,strings,O0g,.text._RNvXs2Q_NtNtCscNqnBmBaIcL_4core5slice4iterINtB6_7IterMuthENtNtNtNtBa_4iter6traits8iterator8Iterator4nextCs9LqZmG8XwQX_11obj_strings,118,PROGBITS,AX
rust,strings,O0g,.text._RNvXs8_NtNtNtCscNqnBmBaIcL_4core4iter8adapters6filterINtNtNtBb_5slice4iter4IterhENtB5_15SpecAssumeCount27assume_count_le_upper_boundCs9LqZmG8XwQX_11obj_strings,57,PROGBITS,AX
rust,strings,O0g,.rela.text._RNvXs8_NtNtNtCscNqnBmBaIcL_4core4iter8adapters6filterINtNtNtBb_5slice4iter4IterhENtB5_15SpecAssumeCount27assume_count_le_upper_boundCs9LqZmG8XwQX_11obj_strings,48,RELA,I
rust,strings,O0g,.text.count_char,155,PROGBITS,AX
rust,strings,O0g,.rela.text.count_char,144,RELA,I
rust,strings,O0g,.gcc_except_table.count_char,16,PROGBITS,A
rust,strings,O0g,.text.greeting,29,PROGBITS,AX
rust,strings,O0g,.rela.text.greeting,48,RELA,I
rust,strings,O0g,.text.to_upper_inplace,311,PROGBITS,AX
rust,strings,O0g,.rela.text.to_upper_inplace,216,RELA,I
rust,strings,O0g,.gcc_except_table.to_upper_inplace,16,PROGBITS,A
rust,strings,O0g,.rodata.str1.1,257,PROGBITS,AMS
rust,strings,O0g,.data.rel.ro..Lanon.5a8a42e20c5f744fe996ea23343bffc2.1,24,PROGBITS,WA
rust,strings,O0g,.rela.data.rel.ro..Lanon.5a8a42e20c5f744fe996ea23343bffc2.1,24,RELA,I
rust,strings,O0g,.rodata..Lanon.5a8a42e20c5f744fe996ea23343bffc2.2,73,PROGBITS,A
rust,strings,O0g,.data.rel.ro..Lanon.5a8a42e20c5f744fe996ea23343bffc2.4,24,PROGBITS,WA
rust,strings,O0g,.rela.data.rel.ro..Lanon.5a8a42e20c5f744fe996ea23343bffc2.4,24,RELA,I
rust,strings,O0g,.data.rel.ro..Lanon.5a8a42e20c5f744fe996ea23343bffc2.6,24,PROGBITS,WA
rust,strings,O0g,.rela.data.rel.ro..Lanon.5a8a42e20c5f744fe996ea23343bffc2.6,24,RELA,I
rust,strings,O0g,.rodata..Lanon.5a8a42e20c5f744fe996ea23343bffc2.7,42,PROGBITS,A
rust,strings,O0g,.data.rel.ro..Lanon.5a8a42e20c5f744fe996ea23343bffc2.9,24,PROGBITS,WA
rust,strings,O0g,.rela.data.rel.ro..Lanon.5a8a42e20c5f744fe996ea23343bffc2.9,24,RELA,I
rust,strings,O0g,.rodata..Lanon.5a8a42e20c5f744fe996ea23343bffc2.10,201,PROGBITS,A
rust,strings,O0g,.rodata..Lanon.5a8a42e20c5f744fe996ea23343bffc2.11,186,PROGBITS,A
rust,strings,O0g,.rodata..Lanon.5a8a42e20c5f744fe996ea23343bffc2.12,221,PROGBITS,A
rust,strings,O0g,.rodata..Lanon.5a8a42e20c5f744fe996ea23343bffc2.13,279,PROGBITS,A
rust,strings,O0g,.rodata..Lanon.5a8a42e20c5f744fe996ea23343bffc2.14,283,PROGBITS,A
rust,strings,O0g,.data.rel.ro..Lanon.5a8a42e20c5f744fe996ea23343bffc2.16,24,PROGBITS,WA
rust,strings,O0g,.rela.data.rel.ro..Lanon.5a8a42e20c5f744fe996ea23343bffc2.16,24,RELA,I
rust,strings,O0g,.data.rel.ro..Lanon.5a8a42e20c5f744fe996ea23343bffc2.18,24,PROGBITS,WA
rust,strings,O0g,.rela.data.rel.ro..Lanon.5a8a42e20c5f744fe996ea23343bffc2.18,24,RELA,I
rust,strings,O0g,.data.rel.ro..Lanon.5a8a42e20c5f744fe996ea23343bffc2.20,24,PROGBITS,WA
rust,strings,O0g,.rela.data.rel.ro..Lanon.5a8a42e20c5f744fe996ea23343bffc2.20,24,RELA,I
rust,strings,O0g,.data.rel.ro..Lanon.5a8a42e20c5f744fe996ea23343bffc2.21,24,PROGBITS,WA
rust,strings,O0g,.rela.data.rel.ro..Lanon.5a8a42e20c5f744fe996ea23343bffc2.21,24,RELA,I
rust,strings,O0g,.debug_loc,73,PROGBITS,
rust,strings,O0g,.rela.debug_loc,24,RELA,I
rust,strings,O0g,.debug_abbrev,775,PROGBITS,
rust,strings,O0g,.debug_info,7633,PROGBITS,
rust,strings,O0g,.rela.debug_info,14856,RELA,I
rust,strings,O0g,.debug_aranges,480,PROGBITS,
rust,strings,O0g,.rela.debug_aranges,696,RELA,I
rust,strings,O0g,.debug_ranges,1888,PROGBITS,
rust,strings,O0g,.rela.debug_ranges,4320,RELA,I
rust,strings,O0g,.debug_str,12153,PROGBITS,MS
rust,strings,O0g,.group,12,GROUP,
rust,strings,O0g,.data.DW.ref.rust_eh_personality,8,PROGBITS,WAG
rust,strings,O0g,.rela.data.DW.ref.rust_eh_personality,24,RELA,G
rust,strings,O0g,.comment,74,PROGBITS,MS
rust,strings,O0g,.note.GNU-stack,0,PROGBITS,
rust,strings,O0g,.eh_frame,776,X86_64_UNWIND,A
rust,strings,O0g,.rela.eh_frame,888,RELA,I
rust,strings,O0g,.debug_line,3021,PROGBITS,
rust,strings,O0g,.rela.debug_line,672,RELA,I
rust,strings,O0g,.symtab,2496,SYMTAB,
rust,errors,O0g,.strtab,1222,STRTAB,
rust,errors,O0g,.text,0,PROGBITS,AX
rust,errors,O0g,.text._RNvCsjUIWOnWmIMr_10obj_errors11checked_div,138,PROGBITS,AX
rust,errors,O0g,.rela.text._RNvCsjUIWOnWmIMr_10obj_errors11checked_div,96,RELA,I
rust,errors,O0g,.text._RNvMs4_NtCscNqnBmBaIcL_4core3fmtNtB5_9Arguments8from_strCsjUIWOnWmIMr_10obj_errors,19,PROGBITS,AX
rust,errors,O0g,.text.must_div,184,PROGBITS,AX
rust,errors,O0g,.rela.text.must_div,216,RELA,I
rust,errors,O0g,.gcc_except_table.must_div,16,PROGBITS,A
rust,errors,O0g,.text.try_div,200,PROGBITS,AX
rust,errors,O0g,.rela.text.try_div,144,RELA,I
rust,errors,O0g,.gcc_except_table.try_div,16,PROGBITS,A
rust,errors,O0g,.rodata.str1.1,60,PROGBITS,AMS
rust,errors,O0g,.data.rel.ro..Lanon.64360144040044a8e2387fb21b9c4263.1,24,PROGBITS,WA
rust,errors,O0g,.rela.data.rel.ro..Lanon.64360144040044a8e2387fb21b9c4263.1,24,RELA,I
rust,errors,O0g,.data.rel.ro..Lanon.64360144040044a8e2387fb21b9c4263.2,24,PROGBITS,WA
rust,errors,O0g,.rela.data.rel.ro..Lanon.64360144040044a8e2387fb21b9c4263.2,24,RELA,I
rust,errors,O0g,.rodata.cst16,16,PROGBITS,AM
rust,errors,O0g,.data.rel.ro..Lanon.64360144040044a8e2387fb21b9c4263.4,24,PROGBITS,WA
rust,errors,O0g,.rela.data.rel.ro..Lanon.64360144040044a8e2387fb21b9c4263.4,24,RELA,I
rust,errors,O0g,.data.rel.ro..Lanon.64360144040044a8e2387fb21b9c4263.5,24,PROGBITS,WA
rust,errors,O0g,.rela.data.rel.ro..Lanon.64360144040044a8e2387fb21b9c4263.5,24,RELA,I
rust,errors,O0g,.debug_abbrev,359,PROGBITS,
rust,errors,O0g,.debug_info,1275,PROGBITS,
rust,errors,O0g,.rela.debug_info,2760,RELA,I
rust,errors,O0g,.debug_aranges,96,PROGBITS,
rust,errors,O0g,.rela.debug_aranges,120,RELA,I
rust,errors,O0g,.debug_ranges,128,PROGBITS,
rust,errors,O0g,.rela.debug_ranges,288,RELA,I
rust,errors,O0g,.debug_str,1130,PROGBITS,MS
rust,errors,O0g,.group,12,GROUP,
rust,errors,O0g,.data.DW.ref.rust_eh_personality,8,PROGBITS,WAG
rust,errors,O0g,.rela.data.DW.ref.rust_eh_personality,24,RELA,G
rust,errors,O0g,.comment,74,PROGBITS,MS
rust,errors,O0g,.note.GNU-stack,0,PROGBITS,
rust,errors,O0g,.eh_frame,160,X86_64_UNWIND,A
rust,errors,O0g,.rela.eh_frame,168,RELA,I
rust,errors,O0g,.debug_line,399,PROGBITS,
rust,errors,O0g,.rela.debug_line,96,RELA,I
rust,errors,O0g,.symtab,792,SYMTAB,
rust,cabi,O0g,.strtab,1223,STRTAB,
rust,cabi,O0g,.text,0,PROGBITS,AX
rust,cabi,O0g,.text.big_sum,155,PROGBITS,AX
rust,cabi,O0g,.rela.text.big_sum,168,RELA,I
rust,cabi,O0g,.gcc_except_table.big_sum,16,PROGBITS,A
rust,cabi,O0g,.text.point_add,140,PROGBITS,AX
rust,cabi,O0g,.rela.text.point_add,120,RELA,I
rust,cabi,O0g,.gcc_except_table.point_add,16,PROGBITS,A
rust,cabi,O0g,.text.point_dot,338,PROGBITS,AX
rust,cabi,O0g,.rela.text.point_dot,360,RELA,I
rust,cabi,O0g,.gcc_except_table.point_dot,20,PROGBITS,A
rust,cabi,O0g,.rodata.str1.1,58,PROGBITS,AMS
rust,cabi,O0g,.data.rel.ro..Lanon.efa0bba3b093fbf6dad6542b97f66212.1,24,PROGBITS,WA
rust,cabi,O0g,.rela.data.rel.ro..Lanon.efa0bba3b093fbf6dad6542b97f66212.1,24,RELA,I
rust,cabi,O0g,.data.rel.ro..Lanon.efa0bba3b093fbf6dad6542b97f66212.2,24,PROGBITS,WA
rust,cabi,O0g,.rela.data.rel.ro..Lanon.efa0bba3b093fbf6dad6542b97f66212.2,24,RELA,I
rust,cabi,O0g,.data.rel.ro..Lanon.efa0bba3b093fbf6dad6542b97f66212.3,24,PROGBITS,WA
rust,cabi,O0g,.rela.data.rel.ro..Lanon.efa0bba3b093fbf6dad6542b97f66212.3,24,RELA,I
rust,cabi,O0g,.data.rel.ro..Lanon.efa0bba3b093fbf6dad6542b97f66212.4,24,PROGBITS,WA
rust,cabi,O0g,.rela.data.rel.ro..Lanon.efa0bba3b093fbf6dad6542b97f66212.4,24,RELA,I
rust,cabi,O0g,.data.rel.ro..Lanon.efa0bba3b093fbf6dad6542b97f66212.5,24,PROGBITS,WA
rust,cabi,O0g,.rela.data.rel.ro..Lanon.efa0bba3b093fbf6dad6542b97f66212.5,24,RELA,I
rust,cabi,O0g,.data.rel.ro..Lanon.efa0bba3b093fbf6dad6542b97f66212.6,24,PROGBITS,WA
rust,cabi,O0g,.rela.data.rel.ro..Lanon.efa0bba3b093fbf6dad6542b97f66212.6,24,RELA,I
rust,cabi,O0g,.data.rel.ro..Lanon.efa0bba3b093fbf6dad6542b97f66212.7,24,PROGBITS,WA
rust,cabi,O0g,.rela.data.rel.ro..Lanon.efa0bba3b093fbf6dad6542b97f66212.7,24,RELA,I
rust,cabi,O0g,.debug_abbrev,169,PROGBITS,
rust,cabi,O0g,.debug_info,348,PROGBITS,
rust,cabi,O0g,.rela.debug_info,744,RELA,I
rust,cabi,O0g,.debug_aranges,80,PROGBITS,
rust,cabi,O0g,.rela.debug_aranges,96,RELA,I
rust,cabi,O0g,.debug_ranges,144,PROGBITS,
rust,cabi,O0g,.rela.debug_ranges,336,RELA,I
rust,cabi,O0g,.debug_str,344,PROGBITS,MS
rust,cabi,O0g,.group,12,GROUP,
rust,cabi,O0g,.data.DW.ref.rust_eh_personality,8,PROGBITS,WAG
rust,cabi,O0g,.rela.data.DW.ref.rust_eh_personality,24,RELA,G
rust,cabi,O0g,.comment,74,PROGBITS,MS
rust,cabi,O0g,.note.GNU-stack,0,PROGBITS,
rust,cabi,O0g,.eh_frame,128,X86_64_UNWIND,A
rust,cabi,O0g,.rela.eh_frame,168,RELA,I
rust,cabi,O0g,.debug_line,316,PROGBITS,
rust,cabi,O0g,.rela.debug_line,72,RELA,I
rust,cabi,O0g,.symtab,816,SYMTAB,
rust,demo,O2,.strtab,122,STRTAB,
rust,demo,O2,.text,0,PROGBITS,AX
rust,demo,O2,.text.add_i32,4,PROGBITS,AX
rust,demo,O2,.text.c_area,6,PROGBITS,AX
rust,demo,O2,.comment,74,PROGBITS,MS
rust,demo,O2,.note.GNU-stack,0,PROGBITS,
rust,demo,O2,.eh_frame,64,X86_64_UNWIND,A
rust,demo,O2,.rela.eh_frame,48,RELA,I
rust,demo,O2,.symtab,144,SYMTAB,
rust,generics,O2,.strtab,563,STRTAB,
rust,generics,O2,.text,0,PROGBITS,AX
rust,generics,O2,.text.max_f64,187,PROGBITS,AX
rust,generics,O2,.rela.text.max_f64,72,RELA,I
rust,generics,O2,.gcc_except_table.max_f64,20,PROGBITS,A
rust,generics,O2,.text.max_i32,211,PROGBITS,AX
rust,generics,O2,.rela.text.max_i32,72,RELA,I
rust,generics,O2,.gcc_except_table.max_i32,20,PROGBITS,A
rust,generics,O2,.text.max_i64,216,PROGBITS,AX
rust,generics,O2,.rela.text.max_i64,72,RELA,I
rust,generics,O2,.gcc_except_table.max_i64,20,PROGBITS,A
rust,generics,O2,.text.sum_f64,145,PROGBITS,AX
rust,generics,O2,.text.sum_i32,143,PROGBITS,AX
rust,generics,O2,.text.sum_i64,141,PROGBITS,AX
rust,generics,O2,.rodata.str1.1,62,PROGBITS,AMS
rust,generics,O2,.data.rel.ro..Lanon.8ecf11963cf0dd8fe5aff99347a1ba54.1,24,PROGBITS,WA
rust,generics,O2,.rela.data.rel.ro..Lanon.8ecf11963cf0dd8fe5aff99347a1ba54.1,24,RELA,I
rust,generics,O2,.group,12,GROUP,
rust,generics,O2,.data.DW.ref.rust_eh_personality,8,PROGBITS,WAG
rust,generics,O2,.rela.data.DW.ref.rust_eh_personality,24,RELA,G
rust,generics,O2,.comment,74,PROGBITS,MS
rust,generics,O2,.note.GNU-stack,0,PROGBITS,
rust,generics,O2,.eh_frame,216,X86_64_UNWIND,A
rust,generics,O2,.rela.eh_frame,240,RELA,I
rust,generics,O2,.symtab,624,SYMTAB,
rust,strings,O2,.strtab,284,STRTAB,
rust,strings,O2,.text,0,PROGBITS,AX
rust,strings,O2,.rodata.cst16,80,PROGBITS,AM
rust,strings,O2,.text.count_char,188,PROGBITS,AX
rust,strings,O2,.rela.text.count_char,24,RELA,I
rust,strings,O2,.text.greeting,8,PROGBITS,AX
rust,strings,O2,.rela.text.greeting,24,RELA,I
rust,strings,O2,.text.to_upper_inplace,793,PROGBITS,AX
rust,strings,O2,.rela.text.to_upper_inplace,96,RELA,I
rust,strings,O2,.rodata.str1.1,19,PROGBITS,AMS
rust,strings,O2,.comment,74,PROGBITS,MS
rust,strings,O2,.note.GNU-stack,0,PROGBITS,
rust,strings,O2,.eh_frame,88,X86_64_UNWIND,A
rust,strings,O2,.rela.eh_frame,72,RELA,I
rust,strings,O2,.symtab,336,SYMTAB,
rust,errors,O2,.strtab,701,STRTAB,
rust,errors,O2,.text,0,PROGBITS,AX
rust,errors,O2,.text.must_div,74,PROGBITS,AX
rust,errors,O2,.rela.text.must_div,144,RELA,I
rust,errors,O2,.gcc_except_table.must_div,16,PROGBITS,A
rust,errors,O2,.text.try_div,61,PROGBITS,AX
rust,errors,O2,.rela.text.try_div,72,RELA,I
rust,errors,O2,.gcc_except_table.try_div,16,PROGBITS,A
rust,errors,O2,.rodata.cst16,16,PROGBITS,AM
rust,errors,O2,.rodata.str1.1,60,PROGBITS,AMS
rust,errors,O2,.data.rel.ro..Lanon.de99688e16bedf4be717a5562419cbab.2,24,PROGBITS,WA
rust,errors,O2,.rela.data.rel.ro..Lanon.de99688e16bedf4be717a5562419cbab.2,24,RELA,I
rust,errors,O2,.data.rel.ro..Lanon.de99688e16bedf4be717a5562419cbab.3,24,PROGBITS,WA
rust,errors,O2,.rela.data.rel.ro..Lanon.de99688e16bedf4be717a5562419cbab.3,24,RELA,I
rust,errors,O2,.data.rel.ro..Lanon.de99688e16bedf4be717a5562419cbab.4,24,PROGBITS,WA
rust,errors,O2,.rela.data.rel.ro..Lanon.de99688e16bedf4be717a5562419cbab.4,24,RELA,I
rust,errors,O2,.group,12,GROUP,
rust,errors,O2,.data.DW.ref.rust_eh_personality,8,PROGBITS,WAG
rust,errors,O2,.rela.data.DW.ref.rust_eh_personality,24,RELA,G
rust,errors,O2,.comment,74,PROGBITS,MS
rust,errors,O2,.note.GNU-stack,0,PROGBITS,
rust,errors,O2,.eh_frame,104,X86_64_UNWIND,A
rust,errors,O2,.rela.eh_frame,120,RELA,I
rust,errors,O2,.symtab,480,SYMTAB,
rust,cabi,O2,.strtab,141,STRTAB,
rust,cabi,O2,.text,0,PROGBITS,AX
rust,cabi,O2,.text.big_sum,21,PROGBITS,AX
rust,cabi,O2,.text.point_add,26,PROGBITS,AX
rust,cabi,O2,.text.point_dot,26,PROGBITS,AX
rust,cabi,O2,.comment,74,PROGBITS,MS
rust,cabi,O2,.note.GNU-stack,0,PROGBITS,
rust,cabi,O2,.eh_frame,88,X86_64_UNWIND,A
rust,cabi,O2,.rela.eh_frame,72,RELA,I
rust,cabi,O2,.symtab,192,SYMTAB,
rust,demo,O2g,.strtab,220,STRTAB,
rust,demo,O2g,.text,0,PROGBITS,AX
rust,demo,O2g,.text.add_i32,4,PROGBITS,AX
rust,demo,O2g,.text.c_area,6,PROGBITS,AX
rust,demo,O2g,.debug_abbrev,139,PROGBITS,
rust,demo,O2g,.debug_info,421,PROGBITS,
rust,demo,O2g,.rela.debug_info,888,RELA,I
rust,demo,O2g,.debug_aranges,64,PROGBITS,
rust,demo,O2g,.rela.debug_aranges,72,RELA,I
rust,demo,O2g,.debug_ranges,48,PROGBITS,
rust,demo,O2g,.rela.debug_ranges,96,RELA,I
rust,demo,O2g,.debug_str,449,PROGBITS,MS
rust,demo,O2g,.comment,74,PROGBITS,MS
rust,demo,O2g,.note.GNU-stack,0,PROGBITS,
rust,demo,O2g,.eh_frame,64,X86_64_UNWIND,A
rust,demo,O2g,.rela.eh_frame,48,RELA,I
rust,demo,O2g,.debug_line,183,PROGBITS,
rust,demo,O2g,.rela.debug_line,48,RELA,I
rust,demo,O2g,.symtab,264,SYMTAB,
rust,generics,O2g,.strtab,677,STRTAB,
rust,generics,O2g,.text,0,PROGBITS,AX
rust,generics,O2g,.text.max_f64,187,PROGBITS,AX
rust,generics,O2g,.rela.text.max_f64,72,RELA,I
rust,generics,O2g,.gcc_except_table.max_f64,20,PROGBITS,A
rust,generics,O2g,.text.max_i32,211,PROGBITS,AX
rust,generics,O2g,.rela.text.max_i32,72,RELA,I
rust,generics,O2g,.gcc_except_table.max_i32,20,PROGBITS,A
rust,generics,O2g,.text.max_i64,216,PROGBITS,AX
rust,generics,O2g,.rela.text.max_i64,72,RELA,I
rust,generics,O2g,.gcc_except_table.max_i64,20,PROGBITS,A
rust,generics,O2g,.text.sum_f64,145,PROGBITS,AX
rust,generics,O2g,.text.sum_i32,143,PROGBITS,AX
rust,generics,O2g,.text.sum_i64,141,PROGBITS,AX
rust,generics,O2g,.rodata.str1.1,62,PROGBITS,AMS
rust,generics,O2g,.data.rel.ro..Lanon.8ecf11963cf0dd8fe5aff99347a1ba54.1,24,PROGBITS,WA
rust,generics,O2g,.rela.data.rel.ro..Lanon.8ecf11963cf0dd8fe5aff99347a1ba54.1,24,RELA,I
rust,generics,O2g,.debug_loc,4826,PROGBITS,
rust,generics,O2g,.rela.debug_loc,984,RELA,I
rust,generics,O2g,.debug_abbrev,481,PROGBITS,
rust,generics,O2g,.debug_info,4279,PROGBITS,
rust,generics,O2g,.rela.debug_info,9336,RELA,I
rust,generics,O2g,.debug_aranges,128,PROGBITS,
rust,generics,O2g,.rela.debug_aranges,168,RELA,I
rust,generics,O2g,.debug_ranges,2096,PROGBITS,
rust,generics,O2g,.rela.debug_ranges,4704,RELA,I
rust,generics,O2g,.debug_str,2787,PROGBITS,MS
rust,generics,O2g,.group,12,GROUP,
rust,generics,O2g,.data.DW.ref.rust_eh_personality,8,PROGBITS,WAG
rust,generics,O2g,.rela.data.DW.ref.rust_eh_personality,24,RELA,G
rust,generics,O2g,.comment,74,PROGBITS,MS
rust,generics,O2g,.note.GNU-stack,0,PROGBITS,
rust,generics,O2g,.eh_frame,216,X86_64_UNWIND,A
rust,generics,O2g,.rela.eh_frame,240,RELA,I
rust,generics,O2g,.debug_line,1319,PROGBITS,
rust,generics,O2g,.rela.debug_line,144,RELA,I
rust,generics,O2g,.symtab,768,SYMTAB,
rust,strings,O2g,.strtab,398,STRTAB,
rust,strings,O2g,.text,0,PROGBITS,AX
rust,strings,O2g,.rodata.cst16,80,PROGBITS,AM
rust,strings,O2g,.text.count_char,188,PROGBITS,AX
rust,strings,O2g,.rela.text.count_char,24,RELA,I
rust,strings,O2g,.text.greeting,8,PROGBITS,AX
rust,strings,O2g,.rela.text.greeting,24,RELA,I
rust,strings,O2g,.text.to_upper_inplace,793,PROGBITS,AX
rust,strings,O2g,.rela.text.to_upper_inplace,96,RELA,I
rust,strings,O2g,.rodata.str1.1,19,PROGBITS,AMS
rust,strings,O2g,.debug_loc,1519,PROGBITS,
rust,strings,O2g,.rela.debug_loc,528,RELA,I
rust,strings,O2g,.debug_abbrev,534,PROGBITS,
rust,strings,O2g,.debug_info,2478,PROGBITS,
rust,strings,O2g,.rela.debug_info,5952,RELA,I
rust,strings,O2g,.debug_aranges,80,PROGBITS,
rust,strings,O2g,.rela.debug_aranges,96,RELA,I
rust,strings,O2g,.debug_ranges,1088,PROGBITS,
rust,strings,O2g,.rela.debug_ranges,2640,RELA,I
rust,strings,O2g,.debug_str,6528,PROGBITS,MS
rust,strings,O2g,.comment,74,PROGBITS,MS
rust,strings,O2g,.note.GNU-stack,0,PROGBITS,
rust,strings,O2g,.eh_frame,88,X86_64_UNWIND,A
rust,strings,O2g,.rela.eh_frame,72,RELA,I
rust,strings,O2g,.debug_line,1053,PROGBITS,
rust,strings,O2g,.rela.debug_line,72,RELA,I
rust,strings,O2g,.symtab,480,SYMTAB,
rust,errors,O2g,.strtab,815,STRTAB,
rust,errors,O2g,.text,0,PROGBITS,AX
rust,errors,O2g,.text.must_div,74,PROGBITS,AX
rust,errors,O2g,.rela.text.must_div,144,RELA,I
rust,errors,O2g,.gcc_except_table.must_div,16,PROGBITS,A
rust,errors,O2g,.text.try_div,61,PROGBITS,AX
rust,errors,O2g,.rela.text.try_div,72,RELA,I
rust,errors,O2g,.gcc_except_table.try_div,16,PROGBITS,A
rust,errors,O2g,.rodata.cst16,16,PROGBITS,AM
rust,errors,O2g,.rodata.str1.1,60,PROGBITS,AMS
rust,errors,O2g,.data.rel.ro..Lanon.de99688e16bedf4be717a5562419cbab.2,24,PROGBITS,WA
rust,errors,O2g,.rela.data.rel.ro..Lanon.de99688e16bedf4be717a5562419cbab.2,24,RELA,I
rust,errors,O2g,.data.rel.ro..Lanon.de99688e16bedf4be717a5562419cbab.3,24,PROGBITS,WA
rust,errors,O2g,.rela.data.rel.ro..Lanon.de99688e16bedf4be717a5562419cbab.3,24,RELA,I
rust,errors,O2g,.data.rel.ro..Lanon.de99688e16bedf4be717a5562419cbab.4,24,PROGBITS,WA
rust,errors,O2g,.rela.data.rel.ro..Lanon.de99688e16bedf4be717a5562419cbab.4,24,RELA,I
rust,errors,O2g,.debug_loc,666,PROGBITS,
rust,errors,O2g,.rela.debug_loc,168,RELA,I
rust,errors,O2g,.debug_abbrev,271,PROGBITS,
rust,errors,O2g,.debug_info,473,PROGBITS,
rust,errors,O2g,.rela.debug_info,1176,RELA,I
rust,errors,O2g,.debug_aranges,64,PROGBITS,
rust,errors,O2g,.rela.debug_aranges,72,RELA,I
rust,errors,O2g,.debug_ranges,96,PROGBITS,
rust,errors,O2g,.rela.debug_ranges,192,RELA,I
rust,errors,O2g,.debug_str,411,PROGBITS,MS
rust,errors,O2g,.group,12,GROUP,
rust,errors,O2g,.data.DW.ref.rust_eh_personality,8,PROGBITS,WAG
rust,errors,O2g,.rela.data.DW.ref.rust_eh_personality,24,RELA,G
rust,errors,O2g,.comment,74,PROGBITS,MS
rust,errors,O2g,.note.GNU-stack,0,PROGBITS,
rust,errors,O2g,.eh_frame,104,X86_64_UNWIND,A
rust,errors,O2g,.rela.eh_frame,120,RELA,I
rust,errors,O2g,.debug_line,167,PROGBITS,
rust,errors,O2g,.rela.debug_line,48,RELA,I
rust,errors,O2g,.symtab,624,SYMTAB,
rust,cabi,O2g,.strtab,255,STRTAB,
rust,cabi,O2g,.text,0,PROGBITS,AX
rust,cabi,O2g,.text.big_sum,21,PROGBITS,AX
rust,cabi,O2g,.text.point_add,26,PROGBITS,AX
rust,cabi,O2g,.text.point_dot,26,PROGBITS,AX
rust,cabi,O2g,.debug_loc,172,PROGBITS,
rust,cabi,O2g,.rela.debug_loc,48,RELA,I
rust,cabi,O2g,.debug_abbrev,186,PROGBITS,
rust,cabi,O2g,.debug_info,353,PROGBITS,
rust,cabi,O2g,.rela.debug_info,792,RELA,I
rust,cabi,O2g,.debug_aranges,80,PROGBITS,
rust,cabi,O2g,.rela.debug_aranges,96,RELA,I
rust,cabi,O2g,.debug_ranges,64,PROGBITS,
rust,cabi,O2g,.rela.debug_ranges,144,RELA,I
rust,cabi,O2g,.debug_str,344,PROGBITS,MS
rust,cabi,O2g,.comment,74,PROGBITS,MS
rust,cabi,O2g,.note.GNU-stack,0,PROGBITS,
rust,cabi,O2g,.eh_frame,88,X86_64_UNWIND,A
rust,cabi,O2g,.rela.eh_frame,72,RELA,I
rust,cabi,O2g,.debug_line,151,PROGBITS,
rust,cabi,O2g,.rela.debug_line,72,RELA,I
rust,cabi,O2g,.symtab,336,SYMTAB,
rust,demo,Os,.strtab,160,STRTAB,
rust,demo,Os,.text,0,PROGBITS,AX
rust,demo,Os,.text._RINvCshrCAH18MVso_8obj_demo3addlEB2_,4,PROGBITS,AX
rust,demo,Os,.text.c_area,6,PROGBITS,AX
rust,demo,Os,.comment,74,PROGBITS,MS
rust,demo,Os,.note.GNU-stack,0,PROGBITS,
rust,demo,Os,.eh_frame,64,X86_64_UNWIND,A
rust,demo,Os,.rela.eh_frame,48,RELA,I
rust,demo,Os,.symtab,168,SYMTAB,
rust,generics,Os,.strtab,881,STRTAB,
rust,generics,Os,.text,0,PROGBITS,AX
rust,generics,Os,.text._RINvCs4YQVypD8MaK_12obj_generics3sumdEB2_,34,PROGBITS,AX
rust,generics,Os,.text._RINvCs4YQVypD8MaK_12obj_generics3sumlEB2_,29,PROGBITS,AX
rust,generics,Os,.text._RINvCs4YQVypD8MaK_12obj_generics3sumxEB2_,30,PROGBITS,AX
rust,generics,Os,.text._RINvCs4YQVypD8MaK_12obj_generics6max_ofdEB2_,85,PROGBITS,AX
rust,generics,Os,.rela.text._RINvCs4YQVypD8MaK_12obj_generics6max_ofdEB2_,48,RELA,I
rust,generics,Os,.text._RINvCs4YQVypD8MaK_12obj_generics6max_oflEB2_,58,PROGBITS,AX
rust,generics,Os,.rela.text._RINvCs4YQVypD8MaK_12obj_generics6max_oflEB2_,48,RELA,I
rust,generics,Os,.text._RINvCs4YQVypD8MaK_12obj_generics6max_ofxEB2_,60,PROGBITS,AX
rust,generics,Os,.rela.text._RINvCs4YQVypD8MaK_12obj_generics6max_ofxEB2_,48,RELA,I
rust,generics,Os,.text.max_f64,15,PROGBITS,AX
rust,generics,Os,.rela.text.max_f64,48,RELA,I
rust,generics,Os,.gcc_except_table.max_f64,16,PROGBITS,A
rust,generics,Os,.text.max_i32,15,PROGBITS,AX
rust,generics,Os,.rela.text.max_i32,48,RELA,I
rust,generics,Os,.gcc_except_table.max_i32,16,PROGBITS,A
rust,generics,Os,.text.max_i64,15,PROGBITS,AX
rust,generics,Os,.rela.text.max_i64,48,RELA,I
rust,generics,Os,.gcc_except_table.max_i64,16,PROGBITS,A
rust,generics,Os,.text.sum_f64,34,PROGBITS,AX
rust,generics,Os,.text.sum_i32,29,PROGBITS,AX
rust,generics,Os,.text.sum_i64,30,PROGBITS,AX
rust,generics,Os,.rodata.str1.1,62,PROGBITS,AMS
rust,generics,Os,.data.rel.ro..Lanon.d28dbbb41a8c6cc37adf01e953ce9489.1,24,PROGBITS,WA
rust,generics,Os,.rela.data.rel.ro..Lanon.d28dbbb41a8c6cc37adf01e953ce9489.1,24,RELA,I
rust,generics,Os,.group,12,GROUP,
rust,generics,Os,.data.DW.ref.rust_eh_personality,8,PROGBITS,WAG
rust,generics,Os,.rela.data.DW.ref.rust_eh_personality,24,RELA,G
rust,generics,Os,.comment,74,PROGBITS,MS
rust,generics,Os,.note.GNU-stack,0,PROGBITS,
rust,generics,Os,.eh_frame,336,X86_64_UNWIND,A
rust,generics,Os,.rela.eh_frame,384,RELA,I
rust,generics,Os,.symtab,912,SYMTAB,
rust,strings,Os,.strtab,215,STRTAB,
rust,strings,Os,.text,0,PROGBITS,AX
rust,strings,Os,.text.count_char,31,PROGBITS,AX
rust,strings,Os,.text.greeting,8,PROGBITS,AX
rust,strings,Os,.rela.text.greeting,24,RELA,I
rust,strings,Os,.text.to_upper_inplace,33,PROGBITS,AX
rust,strings,Os,.rodata.str1.1,19,PROGBITS,AMS
rust,strings,Os,.comment,74,PROGBITS,MS
rust,strings,Os,.note.GNU-stack,0,PROGBITS,
rust,strings,Os,.eh_frame,88,X86_64_UNWIND,A
rust,strings,Os,.rela.eh_frame,72,RELA,I
rust,strings,Os,.symtab,216,SYMTAB,
rust,errors,Os,.strtab,701,STRTAB,
rust,errors,Os,.text,0,PROGBITS,AX
rust,errors,Os,.text.must_div,74,PROGBITS,AX
rust,errors,Os,.rela.text.must_div,144,RELA,I
rust,errors,Os,.gcc_except_table.must_div,16,PROGBITS,A
rust,errors,Os,.text.try_div,61,PROGBITS,AX
rust,errors,Os,.rela.text.try_div,72,RELA,I
rust,errors,Os,.gcc_except_table.try_div,16,PROGBITS,A
rust,errors,Os,.rodata.str1.1,60,PROGBITS,AMS
rust,errors,Os,.data.rel.ro..Lanon.de99688e16bedf4be717a5562419cbab.1,24,PROGBITS,WA
rust,errors,Os,.rela.data.rel.ro..Lanon.de99688e16bedf4be717a5562419cbab.1,24,RELA,I
rust,errors,Os,.rodata.cst16,16,PROGBITS,AM
rust,errors,Os,.data.rel.ro..Lanon.de99688e16bedf4be717a5562419cbab.3,24,PROGBITS,WA
rust,errors,Os,.rela.data.rel.ro..Lanon.de99688e16bedf4be717a5562419cbab.3,24,RELA,I
rust,errors,Os,.data.rel.ro..Lanon.de99688e16bedf4be717a5562419cbab.4,24,PROGBITS,WA
rust,errors,Os,.rela.data.rel.ro..Lanon.de99688e16bedf4be717a5562419cbab.4,24,RELA,I
rust,errors,Os,.group,12,GROUP,
rust,errors,Os,.data.DW.ref.rust_eh_personality,8,PROGBITS,WAG
rust,errors,Os,.rela.data.DW.ref.rust_eh_personality,24,RELA,G
rust,errors,Os,.comment,74,PROGBITS,MS
rust,errors,Os,.note.GNU-stack,0,PROGBITS,
rust,errors,Os,.eh_frame,96,X86_64_UNWIND,A
rust,errors,Os,.rela.eh_frame,120,RELA,I
rust,errors,Os,.symtab,480,SYMTAB,
rust,cabi,Os,.strtab,141,STRTAB,
rust,cabi,Os,.text,0,PROGBITS,AX
rust,cabi,Os,.text.big_sum,21,PROGBITS,AX
rust,cabi,Os,.text.point_add,26,PROGBITS,AX
rust,cabi,Os,.text.point_dot,26,PROGBITS,AX
rust,cabi,Os,.comment,74,PROGBITS,MS
rust,cabi,Os,.note.GNU-stack,0,PROGBITS,
rust,cabi,Os,.eh_frame,88,X86_64_UNWIND,A
rust,cabi,Os,.rela.eh_frame,72,RELA,I
rust,cabi,Os,.symtab,192,SYMTAB,
zig,demo,O0g,.text,1129209,PROGBITS,AX
zig,demo,O0g,.rela.text,101688,RELA,I
zig,demo,O0g,.rodata.cst16,1360,PROGBITS,AM
zig,demo,O0g,.rodata,54949,PROGBITS,A
zig,demo,O0g,.rela.rodata,154296,RELA,I
zig,demo,O0g,.rodata.cst8,200,PROGBITS,AM
zig,demo,O0g,.rodata.str1.1,6460,PROGBITS,AMS
zig,demo,O0g,.data.rel.ro,9736,PROGBITS,WA
zig,demo,O0g,.rela.data.rel.ro,10704,RELA,I
zig,demo,O0g,.rodata.cst32,288,PROGBITS,AM
zig,demo,O0g,.tbss,262168,NOBITS,WAT
zig,demo,O0g,.bss,88,NOBITS,WA
zig,demo,O0g,.rodata.cst4,204,PROGBITS,AM
zig,demo,O0g,.data,19808,PROGBITS,WA
zig,demo,O0g,.rela.data,2016,RELA,I
zig,demo,O0g,.rodata.str4.4,16,PROGBITS,AMS
zig,demo,O0g,.debug_loc,71428,PROGBITS,
zig,demo,O0g,.rela.debug_loc,21048,RELA,I
zig,demo,O0g,.debug_abbrev,1071,PROGBITS,
zig,demo,O0g,.debug_info,312880,PROGBITS,
zig,demo,O0g,.rela.debug_info,639312,RELA,I
zig,demo,O0g,.debug_ranges,117840,PROGBITS,
zig,demo,O0g,.rela.debug_ranges,242688,RELA,I
zig,demo,O0g,.debug_str,261618,PROGBITS,MS
zig,demo,O0g,.debug_pubnames,49928,PROGBITS,
zig,demo,O0g,.rela.debug_pubnames,24,RELA,I
zig,demo,O0g,.debug_pubtypes,119881,PROGBITS,
zig,demo,O0g,.rela.debug_pubtypes,24,RELA,I
zig,demo,O0g,.eh_frame,91272,X86_64_UNWIND,A
zig,demo,O0g,.rela.eh_frame,42648,RELA,I
zig,demo,O0g,.debug_line,395520,PROGBITS,
zig,demo,O0g,.rela.debug_line,336,RELA,I
zig,demo,O0g,.note.GNU-stack,0,PROGBITS,
zig,demo,O0g,.symtab,72336,SYMTAB,
zig,demo,O0g,.shstrtab,466,STRTAB,
zig,demo,O0g,.strtab,91825,STRTAB,
zig,generics,O0g,.text,1130877,PROGBITS,AX
zig,generics,O0g,.rela.text,101640,RELA,I
zig,generics,O0g,.rodata.cst16,1360,PROGBITS,AM
zig,generics,O0g,.rodata,53725,PROGBITS,A
zig,generics,O0g,.rela.rodata,146904,RELA,I
zig,generics,O0g,.rodata.cst8,200,PROGBITS,AM
zig,generics,O0g,.rodata.str1.1,6460,PROGBITS,AMS
zig,generics,O0g,.data.rel.ro,9736,PROGBITS,WA
zig,generics,O0g,.rela.data.rel.ro,10704,RELA,I
zig,generics,O0g,.rodata.cst32,288,PROGBITS,AM
zig,generics,O0g,.tbss,262168,NOBITS,WAT
zig,generics,O0g,.bss,88,NOBITS,WA
zig,generics,O0g,.rodata.cst4,200,PROGBITS,AM
zig,generics,O0g,.data,19808,PROGBITS,WA
zig,generics,O0g,.rela.data,2016,RELA,I
zig,generics,O0g,.rodata.str4.4,16,PROGBITS,AMS
zig,generics,O0g,.debug_loc,71428,PROGBITS,
zig,generics,O0g,.rela.debug_loc,21048,RELA,I
zig,generics,O0g,.debug_abbrev,1071,PROGBITS,
zig,generics,O0g,.debug_info,313589,PROGBITS,
zig,generics,O0g,.rela.debug_info,640776,RELA,I
zig,generics,O0g,.debug_ranges,118080,PROGBITS,
zig,generics,O0g,.rela.debug_ranges,243168,RELA,I
zig,generics,O0g,.debug_str,261823,PROGBITS,MS
zig,generics,O0g,.debug_pubnames,50007,PROGBITS,
zig,generics,O0g,.rela.debug_pubnames,24,RELA,I
zig,generics,O0g,.debug_pubtypes,119921,PROGBITS,
zig,generics,O0g,.rela.debug_pubtypes,24,RELA,I
zig,generics,O0g,.eh_frame,91552,X86_64_UNWIND,A
zig,generics,O0g,.rela.eh_frame,42840,RELA,I
zig,generics,O0g,.debug_line,396190,PROGBITS,
zig,generics,O0g,.rela.debug_line,336,RELA,I
zig,generics,O0g,.note.GNU-stack,0,PROGBITS,
zig,generics,O0g,.symtab,72624,SYMTAB,
zig,generics,O0g,.shstrtab,466,STRTAB,
zig,generics,O0g,.strtab,91972,STRTAB,
zig,strings,O0g,.text,1129491,PROGBITS,AX
zig,strings,O0g,.rela.text,101712,RELA,I
zig,strings,O0g,.rodata.cst16,1360,PROGBITS,AM
zig,strings,O0g,.rodata,54949,PROGBITS,A
zig,strings,O0g,.rela.rodata,154296,RELA,I
zig,strings,O0g,.rodata.str1.1,6479,PROGBITS,AMS
zig,strings,O0g,.rodata.cst8,200,PROGBITS,AM
zig,strings,O0g,.data.rel.ro,9736,PROGBITS,WA
zig,strings,O0g,.rela.data.rel.ro,10704,RELA,I
zig,strings,O0g,.rodata.cst32,288,PROGBITS,AM
zig,strings,O0g,.tbss,262168,NOBITS,WAT
zig,strings,O0g,.bss,88,NOBITS,WA
zig,strings,O0g,.rodata.cst4,204,PROGBITS,AM
zig,strings,O0g,.data,19808,PROGBITS,WA
zig,strings,O0g,.rela.data,2016,RELA,I
zig,strings,O0g,.rodata.str4.4,16,PROGBITS,AMS
zig,strings,O0g,.debug_loc,71428,PROGBITS,
zig,strings,O0g,.rela.debug_loc,21048,RELA,I
zig,strings,O0g,.debug_abbrev,1071,PROGBITS,
zig,strings,O0g,.debug_info,312862,PROGBITS,
zig,strings,O0g,.rela.debug_info,639288,RELA,I
zig,strings,O0g,.debug_ranges,117936,PROGBITS,
zig,strings,O0g,.rela.debug_ranges,242880,RELA,I
zig,strings,O0g,.debug_str,261623,PROGBITS,MS
zig,strings,O0g,.debug_pubnames,49927,PROGBITS,
zig,strings,O0g,.rela.debug_pubnames,24,RELA,I
zig,strings,O0g,.debug_pubtypes,119881,PROGBITS,
zig,strings,O0g,.rela.debug_pubtypes,24,RELA,I
zig,strings,O0g,.eh_frame,91248,X86_64_UNWIND,A
zig,strings,O0g,.rela.eh_frame,42624,RELA,I
zig,strings,O0g,.debug_line,395615,PROGBITS,
zig,strings,O0g,.rela.debug_line,336,RELA,I
zig,strings,O0g,.note.GNU-stack,0,PROGBITS,
zig,strings,O0g,.symtab,72360,SYMTAB,
zig,strings,O0g,.shstrtab,466,STRTAB,
zig,strings,O0g,.strtab,91863,STRTAB,
zig,errors,O0g,.text,1129513,PROGBITS,AX
zig,errors,O0g,.rela.text,101760,RELA,I
zig,errors,O0g,.rodata.cst16,1360,PROGBITS,AM
zig,errors,O0g,.rodata,54949,PROGBITS,A
zig,errors,O0g,.rela.rodata,154296,RELA,I
zig,errors,O0g,.rodata.cst8,208,PROGBITS,AM
zig,errors,O0g,.rodata.str1.1,6467,PROGBITS,AMS
zig,errors,O0g,.data.rel.ro,9752,PROGBITS,WA
zig,errors,O0g,.rela.data.rel.ro,10728,RELA,I
zig,errors,O0g,.rodata.cst32,288,PROGBITS,AM
zig,errors,O0g,.tbss,262168,NOBITS,WAT
zig,errors,O0g,.bss,88,NOBITS,WA
zig,errors,O0g,.rodata.cst4,204,PROGBITS,AM
zig,errors,O0g,.data,19808,PROGBITS,WA
zig,errors,O0g,.rela.data,2016,RELA,I
zig,errors,O0g,.rodata.str4.4,16,PROGBITS,AMS
zig,errors,O0g,.debug_loc,71428,PROGBITS,
zig,errors,O0g,.rela.debug_loc,21048,RELA,I
zig,errors,O0g,.debug_abbrev,1071,PROGBITS,
zig,errors,O0g,.debug_info,312844,PROGBITS,
zig,errors,O0g,.rela.debug_info,639240,RELA,I
zig,errors,O0g,.debug_ranges,117840,PROGBITS,
zig,errors,O0g,.rela.debug_ranges,242688,RELA,I
zig,errors,O0g,.debug_str,261487,PROGBITS,MS
zig,errors,O0g,.debug_pubnames,49873,PROGBITS,
zig,errors,O0g,.rela.debug_pubnames,24,RELA,I
zig,errors,O0g,.debug_pubtypes,119879,PROGBITS,
zig,errors,O0g,.rela.debug_pubtypes,24,RELA,I
zig,errors,O0g,.eh_frame,91264,X86_64_UNWIND,A
zig,errors,O0g,.rela.eh_frame,42624,RELA,I
zig,errors,O0g,.debug_line,395624,PROGBITS,
zig,errors,O0g,.rela.debug_line,336,RELA,I
zig,errors,O0g,.note.GNU-stack,0,PROGBITS,
zig,errors,O0g,.symtab,72336,SYMTAB,
zig,errors,O0g,.shstrtab,466,STRTAB,
zig,errors,O0g,.strtab,91748,STRTAB,
zig,cabi,O0g,.text,1129526,PROGBITS,AX
zig,cabi,O0g,.rela.text,101688,RELA,I
zig,cabi,O0g,.rodata.cst16,1360,PROGBITS,AM
zig,cabi,O0g,.rodata,54949,PROGBITS,A
zig,cabi,O0g,.rela.rodata,154296,RELA,I
zig,cabi,O0g,.rodata.cst8,200,PROGBITS,AM
zig,cabi,O0g,.rodata.str1.1,6460,PROGBITS,AMS
zig,cabi,O0g,.data.rel.ro,9736,PROGBITS,WA
zig,cabi,O0g,.rela.data.rel.ro,10704,RELA,I
zig,cabi,O0g,.rodata.cst32,288,PROGBITS,AM
zig,cabi,O0g,.tbss,262168,NOBITS,WAT
zig,cabi,O0g,.bss,88,NOBITS,WA
zig,cabi,O0g,.rodata.cst4,204,PROGBITS,AM
zig,cabi,O0g,.data,19808,PROGBITS,WA
zig,cabi,O0g,.rela.data,2016,RELA,I
zig,cabi,O0g,.rodata.str4.4,16,PROGBITS,AMS
zig,cabi,O0g,.debug_loc,71428,PROGBITS,
zig,cabi,O0g,.rela.debug_loc,21048,RELA,I
zig,cabi,O0g,.debug_abbrev,1071,PROGBITS,
zig,cabi,O0g,.debug_info,312886,PROGBITS,
zig,cabi,O0g,.rela.debug_info,639336,RELA,I
zig,cabi,O0g,.debug_ranges,117840,PROGBITS,
zig,cabi,O0g,.rela.debug_ranges,242688,RELA,I
zig,cabi,O0g,.debug_str,261646,PROGBITS,MS
zig,cabi,O0g,.debug_pubnames,49918,PROGBITS,
zig,cabi,O0g,.rela.debug_pubnames,24,RELA,I
zig,cabi,O0g,.debug_pubtypes,119942,PROGBITS,
zig,cabi,O0g,.rela.debug_pubtypes,24,RELA,I
zig,cabi,O0g,.eh_frame,91240,X86_64_UNWIND,A
zig,cabi,O0g,.rela.eh_frame,42624,RELA,I
zig,cabi,O0g,.debug_line,395569,PROGBITS,
zig,cabi,O0g,.rela.debug_line,336,RELA,I
zig,cabi,O0g,.note.GNU-stack,0,PROGBITS,
zig,cabi,O0g,.symtab,72336,SYMTAB,
zig,cabi,O0g,.shstrtab,466,STRTAB,
zig,cabi,O0g,.strtab,91822,STRTAB,
zig,demo,O2,.text,27,PROGBITS,AX
zig,demo,O2,.eh_frame,88,X86_64_UNWIND,A
zig,demo,O2,.rela.eh_frame,48,RELA,I
zig,demo,O2,.note.GNU-stack,0,PROGBITS,
zig,demo,O2,.symtab,144,SYMTAB,
zig,demo,O2,.shstrtab,74,STRTAB,
zig,demo,O2,.strtab,21,STRTAB,
zig,generics,O2,.text,910,PROGBITS,AX
zig,generics,O2,.eh_frame,256,X86_64_UNWIND,A
zig,generics,O2,.rela.eh_frame,144,RELA,I
zig,generics,O2,.note.GNU-stack,0,PROGBITS,
zig,generics,O2,.symtab,240,SYMTAB,
zig,generics,O2,.shstrtab,74,STRTAB,
zig,generics,O2,.strtab,58,STRTAB,
zig,strings,O2,.text,312,PROGBITS,AX
zig,strings,O2,.rela.text,24,RELA,I
zig,strings,O2,.rodata.str1.1,19,PROGBITS,AMS
zig,strings,O2,.eh_frame,136,X86_64_UNWIND,A
zig,strings,O2,.rela.eh_frame,72,RELA,I
zig,strings,O2,.note.GNU-stack,0,PROGBITS,
zig,strings,O2,.symtab,216,SYMTAB,
zig,strings,O2,.shstrtab,100,STRTAB,
zig,strings,O2,.strtab,59,STRTAB,
zig,errors,O2,.text,102084,PROGBITS,AX
zig,errors,O2,.rela.text,18240,RELA,I
zig,errors,O2,.text.unlikely.,2423,PROGBITS,AX
zig,errors,O2,.rela.text.unlikely.,1584,RELA,I
zig,errors,O2,.rodata,20888,PROGBITS,A
zig,errors,O2,.rela.rodata,110808,RELA,I
zig,errors,O2,.rodata.cst16,1008,PROGBITS,AM
zig,errors,O2,.rodata.str1.1,754,PROGBITS,AMS
zig,errors,O2,.data.rel.ro,1824,PROGBITS,WA
zig,errors,O2,.rela.data.rel.ro,5184,RELA,I
zig,errors,O2,.tbss,13,NOBITS,WAT
zig,errors,O2,.bss,16,NOBITS,WA
zig,errors,O2,.rodata.cst8,32,PROGBITS,AM
zig,errors,O2,.data,19056,PROGBITS,WA
zig,errors,O2,.rela.data,120,RELA,I
zig,errors,O2,.rodata.cst4,20,PROGBITS,AM
zig,errors,O2,.rodata.cst32,192,PROGBITS,AM
zig,errors,O2,.eh_frame,8832,X86_64_UNWIND,A
zig,errors,O2,.rela.eh_frame,4776,RELA,I
zig,errors,O2,.note.GNU-stack,0,PROGBITS,
zig,errors,O2,.symtab,3552,SYMTAB,
zig,errors,O2,.shstrtab,271,STRTAB,
zig,errors,O2,.strtab,1911,STRTAB,
zig,cabi,O2,.text,95,PROGBITS,AX
zig,cabi,O2,.eh_frame,120,X86_64_UNWIND,A
zig,cabi,O2,.rela.eh_frame,72,RELA,I
zig,cabi,O2,.note.GNU-stack,0,PROGBITS,
zig,cabi,O2,.symtab,168,SYMTAB,
zig,cabi,O2,.shstrtab,74,STRTAB,
zig,cabi,O2,.strtab,34,STRTAB,
zig,demo,O2g,.text,27,PROGBITS,AX
zig,demo,O2g,.debug_abbrev,168,PROGBITS,
zig,demo,O2g,.debug_info,365,PROGBITS,
zig,demo,O2g,.rela.debug_info,816,RELA,I
zig,demo,O2g,.debug_str,182,PROGBITS,MS
zig,demo,O2g,.debug_pubnames,108,PROGBITS,
zig,demo,O2g,.rela.debug_pubnames,24,RELA,I
zig,demo,O2g,.debug_pubtypes,56,PROGBITS,
zig,demo,O2g,.rela.debug_pubtypes,24,RELA,I
zig,demo,O2g,.eh_frame,88,X86_64_UNWIND,A
zig,demo,O2g,.rela.eh_frame,48,RELA,I
zig,demo,O2g,.debug_line,200,PROGBITS,
zig,demo,O2g,.rela.debug_line,24,RELA,I
zig,demo,O2g,.note.GNU-stack,0,PROGBITS,
zig,demo,O2g,.symtab,336,SYMTAB,
zig,demo,O2g,.shstrtab,231,STRTAB,
zig,demo,O2g,.strtab,46,STRTAB,
zig,generics,O2g,.text,910,PROGBITS,AX
zig,generics,O2g,.debug_loc,2246,PROGBITS,
zig,generics,O2g,.debug_abbrev,226,PROGBITS,
zig,generics,O2g,.debug_info,1141,PROGBITS,
zig,generics,O2g,.rela.debug_info,2904,RELA,I
zig,generics,O2g,.debug_ranges,432,PROGBITS,
zig,generics,O2g,.debug_str,422,PROGBITS,MS
zig,generics,O2g,.debug_pubnames,244,PROGBITS,
zig,generics,O2g,.rela.debug_pubnames,24,RELA,I
zig,generics,O2g,.debug_pubtypes,133,PROGBITS,
zig,generics,O2g,.rela.debug_pubtypes,24,RELA,I
zig,generics,O2g,.eh_frame,256,X86_64_UNWIND,A
zig,generics,O2g,.rela.eh_frame,144,RELA,I
zig,generics,O2g,.debug_line,871,PROGBITS,
zig,generics,O2g,.rela.debug_line,24,RELA,I
zig,generics,O2g,.note.GNU-stack,0,PROGBITS,
zig,generics,O2g,.symtab,576,SYMTAB,
zig,generics,O2g,.shstrtab,256,STRTAB,
zig,generics,O2g,.strtab,160,STRTAB,
zig,strings,O2g,.text,312,PROGBITS,AX
zig,strings,O2g,.rela.text,24,RELA,I
zig,strings,O2g,.rodata.str1.1,19,PROGBITS,AMS
zig,strings,O2g,.debug_loc,381,PROGBITS,
zig,strings,O2g,.debug_abbrev,179,PROGBITS,
zig,strings,O2g,.debug_info,349,PROGBITS,
zig,strings,O2g,.rela.debug_info,984,RELA,I
zig,strings,O2g,.debug_ranges,64,PROGBITS,
zig,strings,O2g,.debug_str,238,PROGBITS,MS
zig,strings,O2g,.debug_pubnames,107,PROGBITS,
zig,strings,O2g,.rela.debug_pubnames,24,RELA,I
zig,strings,O2g,.debug_pubtypes,126,PROGBITS,
zig,strings,O2g,.rela.debug_pubtypes,24,RELA,I
zig,strings,O2g,.eh_frame,136,X86_64_UNWIND,A
zig,strings,O2g,.rela.eh_frame,72,RELA,I
zig,strings,O2g,.debug_line,346,PROGBITS,
zig,strings,O2g,.rela.debug_line,24,RELA,I
zig,strings,O2g,.note.GNU-stack,0,PROGBITS,
zig,strings,O2g,.symtab,480,SYMTAB,
zig,strings,O2g,.shstrtab,282,STRTAB,
zig,strings,O2g,.strtab,118,STRTAB,
zig,errors,O2g,.text,328500,PROGBITS,AX
zig,errors,O2g,.rela.text,39816,RELA,I
zig,errors,O2g,.text.unlikely.,3319,PROGBITS,AX
zig,errors,O2g,.rela.text.unlikely.,1632,RELA,I
zig,errors,O2g,.rodata,39472,PROGBITS,A
zig,errors,O2g,.rela.rodata,144216,RELA,I
zig,errors,O2g,.rodata.cst16,1248,PROGBITS,AM
zig,errors,O2g,.rodata.str1.1,1274,PROGBITS,AMS
zig,errors,O2g,.data.rel.ro,2104,PROGBITS,WA
zig,errors,O2g,.rela.data.rel.ro,6000,RELA,I
zig,errors,O2g,.tbss,13,NOBITS,WAT
zig,errors,O2g,.bss,16,NOBITS,WA
zig,errors,O2g,.rodata.cst8,48,PROGBITS,AM
zig,errors,O2g,.rodata.cst4,56,PROGBITS,AM
zig,errors,O2g,.rodata.cst32,256,PROGBITS,AM
zig,errors,O2g,.data,19160,PROGBITS,WA
zig,errors,O2g,.rela.data,120,RELA,I
zig,errors,O2g,.debug_loc,946680,PROGBITS,
zig,errors,O2g,.rela.debug_loc,221616,RELA,I
zig,errors,O2g,.debug_abbrev,1566,PROGBITS,
zig,errors,O2g,.debug_info,495912,PROGBITS,
zig,errors,O2g,.rela.debug_info,846336,RELA,I
zig,errors,O2g,.debug_ranges,176064,PROGBITS,
zig,errors,O2g,.rela.debug_ranges,402288,RELA,I
zig,errors,O2g,.debug_str,177390,PROGBITS,MS
zig,errors,O2g,.debug_pubnames,43223,PROGBITS,
zig,errors,O2g,.rela.debug_pubnames,24,RELA,I
zig,errors,O2g,.debug_pubtypes,106345,PROGBITS,
zig,errors,O2g,.rela.debug_pubtypes,24,RELA,I
zig,errors,O2g,.eh_frame,13000,X86_64_UNWIND,A
zig,errors,O2g,.rela.eh_frame,6960,RELA,I
zig,errors,O2g,.debug_line,225463,PROGBITS,
zig,errors,O2g,.rela.debug_line,456,RELA,I
zig,errors,O2g,.note.GNU-stack,0,PROGBITS,
zig,errors,O2g,.symtab,16872,SYMTAB,
zig,errors,O2g,.shstrtab,488,STRTAB,
zig,errors,O2g,.strtab,14586,STRTAB,
zig,cabi,O2g,.text,95,PROGBITS,AX
zig,cabi,O2g,.debug_loc,57,PROGBITS,
zig,cabi,O2g,.debug_abbrev,195,PROGBITS,
zig,cabi,O2g,.debug_info,355,PROGBITS,
zig,cabi,O2g,.rela.debug_info,912,RELA,I
zig,cabi,O2g,.debug_str,228,PROGBITS,MS
zig,cabi,O2g,.debug_pubnames,98,PROGBITS,
zig,cabi,O2g,.rela.debug_pubnames,24,RELA,I
zig,cabi,O2g,.debug_pubtypes,125,PROGBITS,
zig,cabi,O2g,.rela.debug_pubtypes,24,RELA,I
zig,cabi,O2g,.eh_frame,120,X86_64_UNWIND,A
zig,cabi,O2g,.rela.eh_frame,72,RELA,I
zig,cabi,O2g,.debug_line,233,PROGBITS,
zig,cabi,O2g,.rela.debug_line,24,RELA,I
zig,cabi,O2g,.note.GNU-stack,0,PROGBITS,
zig,cabi,O2g,.symtab,408,SYMTAB,
zig,cabi,O2g,.shstrtab,242,STRTAB,
zig,cabi,O2g,.strtab,77,STRTAB,
zig,demo,Os,.text,20,PROGBITS,AX
zig,demo,Os,.eh_frame,88,X86_64_UNWIND,A
zig,demo,Os,.rela.eh_frame,48,RELA,I
zig,demo,Os,.note.GNU-stack,0,PROGBITS,
zig,demo,Os,.symtab,144,SYMTAB,
zig,demo,Os,.shstrtab,74,STRTAB,
zig,demo,Os,.strtab,21,STRTAB,
zig,generics,Os,.text,193,PROGBITS,AX
zig,generics,Os,.eh_frame,216,X86_64_UNWIND,A
zig,generics,Os,.rela.eh_frame,144,RELA,I
zig,generics,Os,.note.GNU-stack,0,PROGBITS,
zig,generics,Os,.symtab,240,SYMTAB,
zig,generics,Os,.shstrtab,74,STRTAB,
zig,generics,Os,.strtab,58,STRTAB,
zig,strings,Os,.text,81,PROGBITS,AX
zig,strings,Os,.rela.text,24,RELA,I
zig,strings,Os,.rodata.str1.1,19,PROGBITS,AMS
zig,strings,Os,.eh_frame,120,X86_64_UNWIND,A
zig,strings,Os,.rela.eh_frame,72,RELA,I
zig,strings,Os,.note.GNU-stack,0,PROGBITS,
zig,strings,Os,.symtab,216,SYMTAB,
zig,strings,Os,.shstrtab,100,STRTAB,
zig,strings,Os,.strtab,59,STRTAB,
zig,errors,Os,.text,78710,PROGBITS,AX
zig,errors,Os,.rela.text,10704,RELA,I
zig,errors,Os,.text.unlikely.,992,PROGBITS,AX
zig,errors,Os,.rela.text.unlikely.,864,RELA,I
zig,errors,Os,.rodata.cst16,864,PROGBITS,AM
zig,errors,Os,.rodata,6548,PROGBITS,A
zig,errors,Os,.rela.rodata,24456,RELA,I
zig,errors,Os,.rodata.str1.1,569,PROGBITS,AMS
zig,errors,Os,.data.rel.ro,1824,PROGBITS,WA
zig,errors,Os,.rela.data.rel.ro,5184,RELA,I
zig,errors,Os,.tbss,13,NOBITS,WAT
zig,errors,Os,.bss,16,NOBITS,WA
zig,errors,Os,.rodata.cst8,40,PROGBITS,AM
zig,errors,Os,.data,19056,PROGBITS,WA
zig,errors,Os,.rela.data,120,RELA,I
zig,errors,Os,.rodata.cst4,20,PROGBITS,AM
zig,errors,Os,.rodata.cst32,224,PROGBITS,AM
zig,errors,Os,.eh_frame,11184,X86_64_UNWIND,A
zig,errors,Os,.rela.eh_frame,6744,RELA,I
zig,errors,Os,.note.GNU-stack,0,PROGBITS,
zig,errors,Os,.symtab,3168,SYMTAB,
zig,errors,Os,.shstrtab,271,STRTAB,
zig,errors,Os,.strtab,1820,STRTAB,
zig,cabi,Os,.text,92,PROGBITS,AX
zig,cabi,Os,.eh_frame,120,X86_64_UNWIND,A
zig,cabi,Os,.rela.eh_frame,72,RELA,I
zig,cabi,Os,.note.GNU-stack,0,PROGBITS,
zig,cabi,Os,.symtab,168,SYMTAB,
zig,cabi,Os,.shstrtab,74,STRTAB,
zig,cabi,Os,.strtab,34,STRTAB,
